model,question,answer,contexts,ground_truth,latency_seconds,success_rate,faithfulness,answer_relevancy,context_recall
Gemini_2.5_Flash_Live,"According to the ""Transportation"" section (E.1), what is the overarching goal, and how do the four listed objectives collectively aim to achieve this goal?","The overarching goal for transportation is to achieve safe, efficient, and connected transportation that offers mobility choices for everyone.

The four objectives collectively aim to achieve this by:
*   **Delivering a safe, efficient, and accessible transportation network:** This ensures the fundamental infrastructure supports the goal.
*   **Providing greater transportation choice:** This directly addresses the ""mobility choices for all"" aspect of the goal.
*   **Making public transit convenient:** This enhances choice and contributes to efficiency and connectivity.
*   **Reducing traffic congestion:** This improves efficiency and contributes to a more connected and pleasant transportation experience.

Together, these objectives work to create a comprehensive system that is safe, operates smoothly, connects various modes of travel, and offers diverse options for movement.","['# E.1\n\n# Transportation\n\nGoal: Safe, efficient, and connected transportation that provides mobility choices for all.\n\n# Objectives:\n\n- Deliver a safe, efficient, and accessible transportation network.\n- Provide greater transportation choice.\n- Make public transit convenient.\n- Reduce traffic congestion.', ""# Objective 1: Deliver a safe, efficient, and accessible transportation network.\n\n# Policy Actions\n\n| T.1 | Ensure the City's transportation design criteria guide the development of a network that:                                                                                                                               |\n| --- | ----------------------------------------------------------------------------------------------------------------------------------------------------------------------------------------------------------------------- |\n|     | a. Prioritizes the movement of people efficiently;                                                                                                                                                                      |\n|     | b. Aligns with current industry standards;                                                                                                                                                                              |\n|     | c. Prioritizes road safety; and                                                                                                                                                                                         |\n|     | d. Is practical to build and maintain.                                                                                                                                                                                  |\n| T.2 | Promote a robust street network that:                                                                                                                                                                                   |\n|     | a. Supports multi-modal transportation options/ multiple travel options;                                                                                                                                                |\n|     | b. Connects public spaces; and                                                                                                                                                                                          |\n|     | c. Discourages cul-de-sacs and large blocks.                                                                                                                                                                            |\n| T.3 | Require new developments to provide multi-modal transportation infrastructure as specified by City transportation design criteria to serve the site and connect seamlessly with the surrounding transportation network. |\n| T.4 | Support the use of rear lanes to:                                                                                                                                                                                       |\n|     | a. Provide private property vehicle access;                                                                                                                                                                             |\n|     | b. Limit driveways fronting streets; and                                                                                                                                                                                |\n|     | c. Enhance safety and walkability.                                                                                                                                                                                      |\n| T.5 | Continually update the 10-Year Servicing Plan with transportation projects consistent with a transportation system that is efficient, equitable, safe, and sustainable.                                                 |""]","According to the ""Transportation"" section (E.1), the overarching goal is: **Safe, efficient, and connected transportation that provides mobility choices for all.**

The four listed objectives collectively aim to achieve this goal by:
*   **Delivering a safe, efficient, and accessible transportation network:** This establishes the fundamental infrastructure that is reliable and usable for everyone.
*   **Providing greater transportation choice and making public transit convenient:** These objectives directly address the ""mobility choices for all"" aspect by expanding options beyond private vehicles and making key alternatives like public transit more appealing and practical.
*   **Reducing traffic congestion:** This contributes to an ""efficient"" and ""connected"" transportation system by ensuring smoother flow and better utilization of the network, allowing people to move more freely and effectively use their chosen mode of transport.

In essence, the objectives work together to build a robust, diverse, and smoothly operating transportation system that offers various practical ways for all individuals to get around safely and efficiently.",3.336,1,0.5,0.8290989655117028,1.0
Gemini_2.5_Flash_Live,"According to the document, what is the main subject of the ""IMPORTANT NOTICE"" and where can individuals go to join the conversation about this topic?","The main subject of the ""IMPORTANT NOTICE"" is the update to the city's Official Community Plan. Individuals can join the conversation about this topic by visiting surrey.ca/ocp.","[""# BofeJite\n\n# IMPORTANT NOTICE\n\nWe're updating the city's Official Community Plan.\n\n# Holiday Hours\n\nJoin the conversation surrey.ca/ocp\n\n# Pop-Up Engagement\n\n# SIGN UP\n\nfor an arts program\n\n# WHAT WE HEARD REPORT\n\n9"", ""# Next Steps\n\nCommunity engagement for Phase 1 of the OCP has concluded. The feedback received from Phase 1 engagement has informed the development of the work in Phase 2. We are exploring ideas relating to the plan, principles, and building blocks which will be the foundation for the OCP. Please take the Phase 2 survey which runs until July 31 and check back for updates.\n\n# Learn More &#x26; Get Involved\n\n- Visit ~~surrey.ca/planning~~ for general information on the Official Community Plan.\n- Visit ~~surrey.ca/ocp~~ for engagement opportunities, updates or to ask questions online.\n- Contact Don Buchanan by email - dbuchanan@surrey.ca or phone - 604.591.4619\n\n# e're updating the OCP!\n\n# What will the    h    %\n\nHow can I     Vaitw    e\n\nstav.informed     Follow\n\nand provide     Take      2\n\n# WHAT WE HEARD REPORT\n\n15""]","According to the document, the main subject of the ""IMPORTANT NOTICE"" is that the city's Official Community Plan is being updated. Individuals can go to surrey.ca/ocp to join the conversation about this topic.",2.228,1,1.0,0.8441641935806617,1.0
Gemini_2.5_Flash_Live,"According to the ""Draft Land Use Summary,"" identify two distinct differences between the ""SUBURBAN"" and ""URBAN"" residential designations in Surrey, focusing on the types of housing permitted and the associated community characteristics or services.","In Surrey's ""Draft Land Use Summary,"" the ""SUBURBAN"" and ""URBAN"" residential designations differ in several ways.

Firstly, regarding housing types, ""SUBURBAN"" areas are designated for low-density residential neighbourhoods and include single detached houses, duplexes, and backyard housing such as garden suites and coach houses. In contrast, ""URBAN"" areas offer a broader range of housing options, encompassing single detached houses, duplexes, houseplexes, backyard housing, rowhouses, and townhouses. Additionally, ""URBAN"" locations served by transit or arterial roads may permit 4-storey residential and mixed-use apartment buildings.

Secondly, concerning community characteristics and services, ""SUBURBAN"" neighbourhoods are characterized by low-density residential development with lots typically ranging from a quarter acre to a half acre. ""URBAN"" neighbourhoods, however, are distinguished by the presence of frequent transit service and walkable commercial amenities, indicating a more integrated and accessible urban environment.","['Surrey OCP Update\n# Draft Land Use Summary\n\n# Residential Designations\n\nThe majority of Surrey falls within the residential designations: Suburban and Urban. These are Surrey’s neighbourhoods. Over time, they will undergo change as new homes are built. More significant change is limited to areas that are well-served by public transit and the arterial road network.\n\n# SUBURBAN\n\nSUBURBAN is used for low-density suburban residential neighbourhoods. Suburban neighbourhoods contain lots that are generally a quarter acre to a half acre in size with Small-Scale Multi-Unit Housing such as:\n\n- Single detached houses with or without suites,\n- Duplexes with or without suites, and\n- Backyard Housing such as garden suites and coach houses.\n\n# URBAN\n\nURBAN is used for urban neighbourhoods containing a range of housing options, frequent transit service, and walkable commercial amenities. Housing in urban neighbourhoods includes:\n\n- Single detached houses with or without suites,\n- Duplexes with or without suites,\n- Houseplexes,\n- Backyard Housing such as Garden Suites and Coach Houses,\n- Rowhouses, and\n- Townhouses.\n\nIn locations served by transit or arterial roads, 4-storey residential and mixed-use (with ground floor commercial) apartment buildings may be permitted.', 'Surrey OCP Update\n# Draft Land Use Summary\n\n# Rural Designations\n\nSignificant development is not intended in these designations. These areas serve other functions such as food production, ecosystem services, or large lot acreage residential that lack suitable servicing for intensification.\n\n# CONSERVATION-RECREATION\n\nis used for natural areas, forests, public facilities, and major Regional and City parks. This designation protects natural ecosystems and outdoor recreation areas. In some cases these areas may allow for low-density acreage style residential development.\n\n# AGRICULTURAL\n\nis used for lands within the Agricultural Land Reserve (ALR) as well as rural lands outside the ALR that are used for farming. This designation limits subdivision and restricts uses to farming.\n\n# RURAL\n\nis used for properties that are not serviced by sanitary sewers. Without municipal servicing, these areas are not suitable for higher intensity redevelopment. Any development in these areas is intended to be low-density acreage-style residential.\n\n# SUBURBAN-URBAN RESERVE\n\nis used for future urban neighbourhoods. First, the City must determine appropriate land uses, roads, servicing (water, sanitary sewers, etc), parks, and community amenities to support a new neighbourhood. Until a plan is completed, development is intended to be low-density acreage-style residential.\n\n# Map Legend\n\n| Low-Density             | Ground-Oriented Residential | Mixed-Use              | Employment |\n| ----------------------- | --------------------------- | ---------------------- | ---------- |\n| Conservation-Recreation | Suburban                    | Low Rise               | Employment |\n| Agriculture             | Urban                       | Mid Rise               | Industrial |\n| Rural                   | High Rise                   | Suburban-Urban Reserve |            |']","Based on the ""Draft Land Use Summary,"" here are two distinct differences between the ""SUBURBAN"" and ""URBAN"" residential designations:

1.  **Types of Housing Permitted:**
    *   **SUBURBAN:** Primarily permits low-density housing options, specifically listing single detached houses (with or without suites), duplexes (with or without suites), and backyard housing (garden suites and coach houses). It emphasizes lots generally a quarter acre to a half acre in size.
    *   **URBAN:** Allows for a broader and denser range of housing options. In addition to the types found in Suburban, Urban areas also permit houseplexes, rowhouses, townhouses, and in locations served by transit or arterial roads, 4-storey residential and mixed-use apartment buildings.

2.  **Associated Community Characteristics and Services:**
    *   **SUBURBAN:** Characterized as ""low-density suburban residential neighbourhoods"" with larger lot sizes, implying a more spread-out residential environment with less emphasis on immediate, integrated services.
    *   **URBAN:** Defined by the presence of ""frequent transit service"" and ""walkable commercial amenities,"" indicating a more connected, accessible, and service-rich urban environment.",3.544,1,0.9,0.8715266335205606,1.0
Gemini_2.5_Flash_Live,"According to the ""Community Infrastructure"" chapter, what is the primary goal for community infrastructure development, and how do the outlined objectives collectively contribute to achieving this goal?","The primary goal for community infrastructure development is to create infrastructure and facilities across the city that cater to the requirements of a varied and expanding population.

The outlined objectives collectively contribute to this goal by focusing on several key areas:
*   **Fostering social connection, livability, and safety:** This ensures that communities are designed to enhance the quality of life and well-being for residents.
*   **Providing an accessible and connected public space network:** This makes sure that public areas are easily reachable and integrated, serving the diverse needs of the population.
*   **Establishing and growing arts and culture:** This enriches the social and physical environment of the city, adding to its appeal and meeting cultural needs.
*   **Advancing an inclusive and equitable heritage program:** This ensures that the city's history and cultural identity are preserved and celebrated in a way that benefits all residents.
*   **Advocating for and guiding non-municipal community facilities and services:** This broadens the range of available resources, ensuring that a comprehensive set of services is accessible to meet the varied demands of a growing populace.

Together, these objectives work to create a city with well-planned, accessible, culturally rich, and comprehensively serviced communities, directly supporting the overarching goal of meeting the needs of its diverse and growing inhabitants.","['# Community Infrastructure\n\nGoal: Develop community infrastructure and facilities throughout the city to meet the needs of a diverse and growing population.\n\n# Objectives:\n\n- Shape neighbourhoods and communities in a manner that fosters social connection, livability, and safety.\n- Provide a public space network that is accessible, centrally located, and well connected.\n- Establish and grow arts and culture as part of the physical and social make-up of the City.\n- Advance a heritage program that is inclusive and equitable.\n- Advocate for and help guide the provision of non-municipal community facilities and services.', '# Objective 1: Shape neighbourhoods and communities in a manner that fosters social connection, livability, and safety.\n\n# Policy Actions\n\n| CI.1 | Plan for and locate new civic recreational, cultural, heritage, and library facilities in Town Centres, close to transit, prioritizing growing and under-served areas of the city.                                                |\n| ---- | --------------------------------------------------------------------------------------------------------------------------------------------------------------------------------------------------------------------------------- |\n| CI.2 | Co-locate public facilities, such as recreation facilities, and libraries, where possible.                                                                                                                                        |\n| CI.3 | Ensure multi-family, mixed use, commercial, and institutional development proposals support social connection, universal accessibility, and safety by:                                                                            |\n|      | a. Requiring compatibility of scale, massing, and architecture with adjacent sites;                                                                                                                                               |\n|      | b. Designing for safety and comfort;                                                                                                                                                                                              |\n|      | c. Integrating, connecting, and maximizing access for all users;                                                                                                                                                                  |\n|      | d. Promoting vibrant, active, and pedestrian friendly public and private environments;                                                                                                                                            |\n|      | e. Designing for flexibility of uses and resiliency in changing contexts; and                                                                                                                                                     |\n|      | f. Responding appropriately to environmental features to create a “Sense of Place”.                                                                                                                                               |\n| CI.4 | Use the Form & Character Development Guidelines to help foster and establish a distinct character for each Town Centre and City Centre, including:                                                                                |\n|      | a. Promoting, preserving, and enhancing unique characteristics such as architectural styles, built and natural heritage, cultural heritage, social gathering spaces, places of worship, landmark buildings, landscapes, or signs; |\n|      | b. Creating distinctive gateways and identification signs at main entrances;                                                                                                                                                      |\n|      | c. Establishing a defining design style by coordinating the use of signs, banners, public art, paving materials and patterns, street trees, street lights, and site furnishings; and                                              |\n|      | d. Emphasizing a high standard of urban, landscaping, and architectural design.                                                                                                                                                   |']","According to the ""Community Infrastructure"" chapter, the primary goal for community infrastructure development is to:

**Goal:** Develop community infrastructure and facilities throughout the city to meet the needs of a diverse and growing population.

The outlined objectives collectively contribute to achieving this goal by addressing various facets of community well-being and development:

*   **Shaping neighbourhoods and communities** to foster social connection, livability, and safety directly meets fundamental needs of a diverse population for secure and engaging living environments.
*   **Providing an accessible, centrally located, and well-connected public space network** ensures that all residents, regardless of background or location, have access to essential communal facilities and areas for recreation and interaction.
*   **Establishing and growing arts and culture** enriches the physical and social fabric of the City, catering to the cultural and recreational needs of a diverse population.
*   **Advancing an inclusive and equitable heritage program** helps meet the need for identity, belonging, and recognition among a diverse population by valuing and preserving their collective history.
*   **Advocating for and helping guide the provision of non-municipal community facilities and services** acknowledges that a comprehensive approach is required to meet the full spectrum of needs for a diverse and growing population, extending beyond what the municipality directly provides.

Together, these objectives ensure that infrastructure development is holistic, focusing on physical spaces, social connections, cultural enrichment, historical recognition, and broader service provision, all aimed at effectively serving the varied requirements of the city's diverse and expanding population.",4.332,1,0.5,0.8474075378965307,1.0
Gemini_2.5_Flash_Live,What is the title of the report mentioned in the provided context?,"The title of the report mentioned is ""WHAT WE HEARD REPORT"".","[""# We're updating the OCP!\n\nTake a button with the message that resonates most:\n\n- My local area I'll spend less time in traffic.\n- I'm acting on climate change.\n- What's your future Surrey?\n- We can afford to live in Surrey.\n\n# Why Is the City Updating the OCP?\n\nWhat will the new OCP do?\n\n# What's our future Surrey?\n\nSome city changes to be addressed:\n\n# A Community Survey\n\nWe're updating the city's Official Community Plan.\n\nTell us what you think: surrey.ca/ocp\n\nWHAT WE HEARD REPORT 3\n\nTell us what you think"", ""# What's Your Future\n\nYour input matters\n\nHelp improve the sharing your future\n\n# A Community Survey\n\n# Survey\n\n# Customer Satisfaction Survey\n\n| CSY | Very Poor | Excellent | Good | Average | Poor |\n| --- | --------- | --------- | ---- | ------- | ---- |\n\n# WHAT WE HEARD REPORT\n\n4""]",WHAT WE HEARD REPORT,2.327,1,1.0,0.8515498307021943,1.0
Gemini_2.5_Flash_Live,"Based on the provided context regarding ""Building Block 5: A healthy environment and zero carbon city,"" answer the following:","Building Block 5, titled ""A healthy environment and zero carbon city,"" addresses the impacts of global warming, such as rising sea levels, heat waves, wildfires, and powerful storms. In response to these challenges, the city endorsed a Climate Change Action Strategy in 2023, which sets science-based targets to achieve net-zero community greenhouse gas emissions by 2050.

When participants were asked about this building block, 41% felt it ""Looks Good,"" 17% were ""Not Sure/Prefer Not to Answer,"" and 42% believed it ""Needs More Work.""

For those who indicated ""Needs More Work,"" key themes for improvement included:
*   Increasing greenery in communities.
*   Expanding walking and biking infrastructure.
*   Improving transit options with greater frequency.
*   Addressing traffic congestion with wider roads and more provisions.
*   Implementing sustainable building design standards and regulations.
*   Providing government incentives for electric cars and sustainable home or business upgrades.

Specific suggestions included adding more sidewalks and bike lanes, improving public transit, better planning of green zones, preserving existing trees, increasing EV charging stations, using alternate power for public buildings, enhancing safety for pedestrians, and developing policies around trees and development.

In line with these objectives, the city aims to reduce greenhouse gas emissions and increase climate resilience across all sectors. Policy actions include partnering with various entities to phase out fossil fuel use, targeting a 45% reduction in GHG emissions below 2010 levels by 2030, and achieving net-zero emissions before 2050. Other actions involve updating land use plans to incorporate 15-minute neighborhood design principles, supporting the transition to zero-carbon energy in buildings, and accelerating affordable zero-carbon resilience retrofits for existing structures. Furthermore, transportation practices, policies, and capital plans are designed to prioritize walking, cycling, and public transit, integrating green infrastructure alongside active transportation.","['# Building Block 5: A healthy environment and zero carbon city\n\nGlobal warming has led to rising sea levels, intensifying heat waves, more frequent and devastating wildfires, and increasingly powerful storms and floods. In 2023 the City endorsed the Climate Change Action Strategy. This strategy includes strong, science-based targets to lower community greenhouse gas emissions to net-zero by 2050.\n\n# 5a. We asked participants if we are on the right track with Building Block 5 – A healthy environment and zero carbon city. (2,710 responses)\n\n| 41%             | Looks Good           | 41% |\n| --------------- | -------------------- | --- |\n| I’m Not Sure/   | Prefer Not to Answer | 17% |\n| Needs More Work | 42%                  |     |\n\n# 5b. For those who said, “Needs more work”, we asked what they would change or add to the building block. (1,129 responses)\n\nKey themes that emerged:\n\n- More greenery in communities.\n- More walking and biking infrastructure.\n- Better transit options with more frequency.\n- Wider roads and more provisions for traffic congestion.\n- Implementation of sustainable building design standards and regulations.\n- Provision for government incentives for electric cars and sustainable home or business upgrades.\n\n“Add in more sidewalks for walking, more bike lines for biking and more options for public transit.”\n\n“Better planning of green zones and keeping existing trees where possible.”\n\n“More EV charging stations, alternate power to reduce greenhouse emissions for public buildings.”\n\n“Increase safety so people can walk to more places.”\n\n“Policies around trees and development.”\n\nWHAT WE HEARD REPORT  11', '# Objective 2: Reduce GHG emissions and increase climate resilience across all sectors.\n\n# Policy Actions\n\n# CH.5\n\nPartner with senior governments, industries, organizations, businesses, and residents to work towards phasing out fossil fuel use with the goal of achieving a 45% reduction in GHG emissions below 2010 levels by 2030 and net zero emissions before 2050.\n\n# CH.6\n\nUpdate land use plans and the Zoning Bylaw regularly to incorporate 15-minute neighbourhood design principles.\n\n# CH.7\n\nSupport the advancement to zero-carbon energy in all buildings by:\n\n- a. Advocating to utilities and the province for affordable zero-carbon energy;\n- b. Collaborating with BC Hydro to enable provision of sufficient electrical supply; and\n- c. Developing a plan to transition Surrey City Energy to zero-carbon by 2050. (See also Utilities)\n\n# CH.8\n\nSupport the phase out of operational greenhouse gas emissions and increase energy efficiency for all new buildings through Energy Step Code and Zero Carbon Step Code requirements.\n\n# CH.9\n\nEncourage building design features that conserve energy and water, reduce GHG emissions, and increase resilience through the Form and Character Development Permit Guidelines and other design guidance.\n\n# CH.10\n\nExplore opportunities to incentivize developments that exceed minimum regulatory requirements for energy efficiency and zero-carbon performance.\n\n# CH.11\n\nEncourage construction practices and technologies that reduce embodied carbon and improve climate resilience of new buildings.\n\n# CH.12\n\nAccelerate affordable zero-carbon resilience retrofits of existing buildings by:\n\n- a. Advocating to senior levels of government for regulations, funding, and supportive programs; and\n- b. Developing a comprehensive existing building strategy.\n\n# CH.13\n\nEnsure transportation practices, policies, standards, and capital plans that prioritize walking, cycling and public transit, including through the integration of green infrastructure (e.g. street trees or raingardens) alongside active transportation infrastructure. (See also Transportation)\n\n32']","Based on the provided context regarding ""Building Block 5: A healthy environment and zero carbon city"":

This building block addresses the impacts of global warming, such as rising sea levels, heat waves, wildfires, storms, and floods. In 2023, the City endorsed a Climate Change Action Strategy with science-based targets to achieve net-zero community greenhouse gas emissions by 2050.

When participants were asked if the city is on the right track with this building block (2,710 responses):
*   41% said it ""Looks Good.""
*   17% were ""Not Sure/Prefer Not to Answer.""
*   42% said it ""Needs More Work.""

For the 1,129 participants who felt it ""Needs More Work,"" key themes for changes or additions included:
*   More greenery in communities, better planning of green zones, and keeping existing trees.
*   More walking and biking infrastructure (sidewalks, bike lanes).
*   Better transit options with increased frequency.
*   Wider roads and more provisions for traffic congestion.
*   Implementation of sustainable building design standards and regulations.
*   Provision for government incentives for electric cars and sustainable home or business upgrades, including more EV charging stations and alternate power for public buildings.
*   Increased safety to encourage walking.",3.991,1,1.0,0.803449553747047,1.0
Gemini_2.5_Flash_Live,"Based on the ""WHAT WE HEARD REPORT"" for Building Block 2: A Thriving and Diverse Economy, identify and explain at least three distinct areas of concern or suggestions for improvement raised by participants who felt the building block ""Needs More Work."" Support your answer with specific details or quotes from the report.","Participants who felt that ""Building Block 2: A Thriving and Diverse Economy"" required more attention raised several key areas for improvement.

One significant concern was the **protection of the Agricultural Land Reserve (ALR)**. Individuals emphasized the future importance of food security, advocating for the ALR to remain untouched and even suggesting the reclamation of ALR lands currently utilized for other purposes. As one participant stated, “Food security is going to be of the utmost importance in years to come. We must insure our ALR remains intact and possibly reclaim any ALR lands that are presently being used for other purposes.”

Another area highlighted for improvement was the **prioritization of essential services and infrastructure**. There was a call for enhanced development of critical services such as roads, schools, hospitals, and public transit. A specific suggestion focused on improving the connectivity between job opportunities and transportation networks, noting that “The employment needs to be better connected with transportation.”

Finally, participants expressed a desire for **greater support for small, local, and diverse businesses, alongside an enhancement of local job opportunities**. Suggestions included fostering unique businesses within local communities through incentives and attracting more corporate headquarters to relocate to the city to boost local employment. One comment suggested, “Create incentives for small and unique businesses in local communities,” while another proposed, “Encourage more corporate headquarters to relocate to Surrey.”","['# Building Block 2: A Thriving and Diverse Economy\n\nA growing City needs to consider employment in addition to housing. A thriving and diverse economy is one that has jobs in a variety of sectors across the City. One of the City’s economic goals is to create one job for every resident worker in Surrey.\n\n# 2a.\n\nWe asked participants if we are on the right track with Building Block 2 – A thriving and diverse economy. (2,816 responses)\n\n| 58%             | Looks Good           | 58% |\n| --------------- | -------------------- | --- |\n| I’m Not Sure/   | Prefer Not to Answer | 15% |\n| Needs More Work | 27%                  |     |\n\n# 2b.\n\nFor those who said, “Needs more work”, we asked what they would change or add to the building block. (750 responses)\n\n# Key themes that emerged:\n\n- Ensure protection of Agricultural Land Reserve.\n“Food security is going to be of the utmost importance in years to come. We must insure our ALR remains intact and possibly reclaim any ALR lands that are presently being used for other purposes.”\n- Prioritize development of essential services such as roads, schools, hospitals and public transit.\n- Support for small, local and diverse businesses.\n“The employment needs to be better connected with transportation.”\n- Enhance local job opportunities.\n“Encourage more corporate headquarters to relocate to Surrey.”\n- Ensure availability of affordable housing and commercial spaces.\n“Create incentives for small and unique businesses in local communities.”\n- Suggestions to promote industrial development while preserving agricultural land for local food production.\n\nWHAT WE HEARD REPORT  8', '# Building Block 3: A vibrant downtown\n\nMetro Vancouver’s Regional Growth Strategy identifies Surrey City Centre as the region’s second downtown. Over the past decade Surrey City Centre has grown considerably, and a downtown is beginning to emerge. Thriving vibrant urban centres have a mix of residential and employment uses, along with parks and public places, and arts and culture spaces. These spaces compliment each other.\n\n# 3a. We asked participants if we are on the right track with Building Block 3 – A vibrant downtown. (2,772 responses)\n\n| 47% | Looks Good    | 47% |                 |     |\n| --- | ------------- | --- | --------------- | --- |\n|     | I’m Not Sure/ | 16% | Needs More Work | 37% |\n\n# 3b. For those who said, “Needs more work”, we asked what they would change or add to the building block. (1,018 responses)\n\nKey themes that emerged:\n\n- Ensure that public spaces, including sidewalks and areas around transit stations, are regularly cleaned and maintained. “Priority for green space in high density areas.”\n- Provision for adequate green space in high rise developments. “Better boulevards with wider sidewalks. More street beautification.”\n- Improve safety measures in downtown core. “Encourage commercial development and residential development with good public transportation connections to reduce travel times and costs.”\n- Enhancing cultural, entertainment and recreation facilities that are accessible to all. “More entertainment &#x26; dining options. Restaurants, lounges, bars, etc.”\n- Bring variety of shopping brands and retail stores to Downtown. “There needs to be areas where people can live, work and enjoy arts and culture.”\n- Make downtown more walkable and accessible with maintained pathways and sidewalks.\n\nWHAT WE HEARD REPORT  9']","Based on the ""WHAT WE HEARD REPORT"" for Building Block 2: A Thriving and Diverse Economy, participants who felt the building block ""Needs More Work"" raised several distinct areas of concern or suggestions for improvement:

1.  **Protection of Agricultural Land Reserve (ALR):** Participants emphasized the critical importance of preserving the Agricultural Land Reserve for future food security. They suggested not only keeping existing ALR intact but also potentially reclaiming lands currently used for other purposes.
    *   **Support:** ""Food security is going to be of the utmost importance in years to come. We must insure our ALR remains intact and possibly reclaim any ALR lands that are presently being used for other purposes.”

2.  **Prioritization of Essential Services and Infrastructure:** There was a strong call to ensure that economic development is adequately supported by essential services and infrastructure. This includes improving connectivity between employment centers and transportation, as well as developing crucial public services.
    *   **Support:** ""Prioritize development of essential services such as roads, schools, hospitals and public transit."" and ""The employment needs to be better connected with transportation.”

3.  **Support for Small, Local, and Diverse Businesses & Enhanced Local Job Opportunities:** Participants expressed a desire for more robust support for small, local, and unique businesses within communities. They also wanted to see an increase in local job opportunities, including efforts to attract corporate headquarters to Surrey.
    *   **Support:** ""Support for small, local and diverse businesses."" and ""Enhance local job opportunities."" and ""Encourage more corporate headquarters to relocate to Surrey."" and ""Create incentives for small and unique businesses in local communities.”",5.648,1,1.0,0.8563181773392282,1.0
Gemini_2.5_Flash_Live,"Based on the provided context, what is the main subject area of the document identified as a ""WHAT WE HEARD REPORT""?","The main subject area of the document identified as a ""WHAT WE HEARD REPORT"" is the Official Community Plan (OCP) and the feedback collected to inform its development.","['What We Heard\n\n# Priority Directions\n\nWe identified 8 policy chapters listed below. Each chapter included high-level policy directions.\n\n| 0 Housing      | 33 Utility Infrastructure         | + Climate, Natural Hazards & Emergency Preparedness |\n| -------------- | --------------------------------- | --------------------------------------------------- |\n| 11 Economy     | 70 Natural Assets, Biodiversity & | \\*\\*\\* Agriculture & Food Systems                   |\n| Transportation | Community Infrastructure          |                                                     |\n\n1. We asked participants to select all policy chapters they wanted to provide feedback on. (2,467 responses)\n\n# Top four responses included:\n\n| 80% | said Housing                                             |\n| --- | -------------------------------------------------------- |\n| 80% | said Transportation                                      |\n| 74% | said Community Infrastructure                            |\n| 60% | said Natural Assets, Biodiversity & Green Infrastructure |\n\n# Other responses included:\n\n| 59% | said Economy                                           |\n| --- | ------------------------------------------------------ |\n| 55% | said Utility Infrastructure                            |\n| 53% | said Agriculture & Food Systems                        |\n| 51% | said Climate, Natural Hazards & Emergency Preparedness |\n\nWHAT WE HEARD REPORT 5', 'Surrey Leadership Youth Council’s Youth Speak Up Forum\n\nThe Surrey Leadership Youth Council (SLYC) is made up of 15 youth from Surrey that holds regular meetings at City Hall. SLYC members develop their leadership skills and consult with various departments within the City of Surrey. They act as the representative “youth voice” when providing input for policy and planning.\n\nThe yearly Youth Speak Up Forum, in November, offers a platform for young individuals aged 13 to 18 to voice their perspectives on topics significant to them. The topics vary annually, mirroring Surrey’s current needs and fostering dialogue on important matters. One of the three topics discussed at the 2023 Youth Speak Up Forum was the Official Community Plan.\n\n# STAFF\n\n# What We Did\n\nThe Official Community Plan (OCP) workshop at the Youth Speak Up Forum was dedicated to encouraging youth to participate in City affairs and collecting their feedback to inform the development of the OCP. The goal of the workshop was to give a platform for youth to vocalize their opinions on prominent issues in Surrey. Additionally, it aims to provide an overview of the OCP and what it will be used for.\n\nThe Surrey Leadership Youth Council (SLYC) identified four leading themes that largely affect the youth population:\n\n1. Services\n2. Health and Safety\n3. Building a community\n4. Transportation\n\nThese four themes were discussed in detail throughout the workshop. By applying feedback received to improve specific areas, SLYC empowers local youth to engage with their concerns in the community and take effective steps. The following page shows a visual summary of the outcomes from the workshop.\n\nWHAT WE HEARD REPORT  13']","Based on the provided context, the main subject area of the document identified as a ""WHAT WE HEARD REPORT"" is **Youth Engagement**.",4.323,1,1.0,0.890562078375969,1.0
Gemini_2.5_Flash_Live,"Based on the ""WHAT WE HEARD REPORT"" on page 8, what was the total number of responses received regarding preferred engagement methods, and which specific method was chosen by 27% of the participants?",The total number of responses received regarding preferred engagement methods was 3193. The specific method chosen by 27% of the participants was community mapping.,"['# 6. We asked participants about their preferred ways of engaging with City.\n\n(3193 responses)\n\n| Surveys                     | 74% |\n| --------------------------- | --- |\n| Open houses in person       | 43% |\n| Pop-ups at community events | 38% |\n| Discussion or focus groups  | 31% |\n| Community mapping           | 27% |\n| Webinars                    | 26% |\n| Workshops                   | 22% |\n| Interviews                  | 18% |\n| Other                       | 2%  |\n| Not interested              | 5%  |\n\n# WHAT WE HEARD REPORT\n\n8', '# 7.\n\nWe asked participants how would they like to engage on the OCP in the future. (1,455 respondents)\n\n| 77% | Online surveys                         |\n| --- | -------------------------------------- |\n| 49% | Email updates & feedback opportunities |\n| 26% | In-person events and workshops         |\n| 18% | Virtual meetings/ webinars             |\n| 11% | Social media discussions               |\n| 3%  | I prefer not to participate            |\n\nRespondents were able to select multiple options\n\n# Next Steps\n\nThe feedback collected during Phase 4 will help shape the draft OCP policies and draft land use designations, and the plan will be finalized for Council approval in early 2026.\n\n# Learn More\n\n•  Visit ~~surrey.ca/planning~~ for general information on the Official Community Plan.\n\n# WHAT WE HEARD REPORT\n\n# 11']","Based on the ""WHAT WE HEARD REPORT"" on page 8:
The total number of responses received regarding preferred engagement methods was **3193**.
The specific method chosen by 27% of the participants was **Community mapping**.",2.77,1,1.0,0.8460831610313269,1.0
Gemini_2.5_Flash_Live,"According to the ""Utility Infrastructure"" chapter, what is the overarching goal, and how do the listed objectives collectively support the achievement of this goal? Provide specific examples from the objectives to illustrate your explanation.","The primary aim for utility infrastructure is to establish robust grey and green systems that are synchronized with community expansion.

The listed objectives collectively work towards this overarching goal by addressing various facets of utility management and development:

*   **Ensuring utilities keep pace with growth** directly supports the goal by making certain that infrastructure capacity and services evolve in tandem with the community's needs, preventing shortfalls as the population expands.
*   **Maintaining healthy and sustainable water and sanitary infrastructure** contributes to the development of resilient grey infrastructure by focusing on the long-term viability and environmental soundness of essential water and waste systems.
*   **Developing resilient and integrated stormwater infrastructure** specifically targets the creation of robust systems for managing stormwater, which is crucial for both environmental protection and preventing damage, thereby enhancing overall infrastructure resilience.
*   **Reducing solid waste and promoting its diversion** supports the goal by fostering sustainable practices within utility services, minimizing environmental impact, and contributing to a more efficient and green infrastructure system.
*   **Increasing energy independence, resilience, and sustainability** directly enhances the robustness and environmental performance of energy utilities, making them more reliable and less susceptible to external disruptions, which is a key component of resilient infrastructure.","['# Utility Infrastructure\n\nGoal: Develop resilient grey and green utility infrastructure that is aligned with community growth.\n\n# Objectives:\n\n- Ensure utilities keep pace with growth.\n- Maintain healthy and sustainable water and sanitary infrastructure.\n- Develop resilient and integrated stormwater infrastructure.\n- Reduce solid waste and promote its diversion.\n- Increase energy independence, resilience, and sustainability.', '# Objective 1: Ensure utilities keep pace with growth.\n\n# Policy Actions\n\n| U.1 | Encourage the development of more compact and efficient land uses and servicing systems, using existing infrastructure systems efficiently through infill and intensification to minimize the costs of new utility infrastructure.                                                                                                                                                                        |\n| --- | --------------------------------------------------------------------------------------------------------------------------------------------------------------------------------------------------------------------------------------------------------------------------------------------------------------------------------------------------------------------------------------------------------- |\n| U.2 | Recognize that neighbourhoods will continue to have different levels of service for streetlights, sidewalks, drainage, and parks and that retrofitting will be addressed first in high priority areas and areas experiencing significant redevelopment, in the context of neighbourhood equity. New development will be required to meet current standards or standards specified within secondary plans. |\n| U.3 | Site and design new telecommunications equipment, in consultation with neighbourhood residents, using the following standards:                                                                                                                                                                                                                                                                            |\n|     | a. Locate new equipment on existing structures (e.g. building rooftops and utility poles);                                                                                                                                                                                                                                                                                                                |\n|     | b. Design towers and ancillary equipment to fit the surroundings and to minimize visual impact on surrounding properties;                                                                                                                                                                                                                                                                                 |\n|     | c. Landscape the surroundings of towers and ancillary equipment as a visual buffer; and                                                                                                                                                                                                                                                                                                                   |\n|     | d. Minimize the physical and visual appearance of towers and equipment.                                                                                                                                                                                                                                                                                                                                   |\n| U.4 | Regularly update a 10-year Engineering Servicing Plan to identify the infrastructure works and services necessary to meet the needs of the City’s existing population and to support growth.                                                                                                                                                                                                              |\n| U.5 | Work with senior levels of government and private partners to deliver major infrastructure improvements, including transportation, communication, and utility infrastructure.                                                                                                                                                                                                                             |']","According to the ""Utility Infrastructure"" chapter, the overarching goal is to:

**Develop resilient grey and green utility infrastructure that is aligned with community growth.**

The listed objectives collectively support the achievement of this goal by addressing various critical aspects of utility management, ensuring they are robust, sustainable, and capable of meeting the demands of a growing community.

Here's how the objectives support the goal:

1.  **Ensuring Alignment with Community Growth:**
    *   **Objective:** ""Ensure utilities keep pace with growth.""
    *   **Support:** This directly addresses the ""aligned with community growth"" part of the goal. It ensures that as the community expands, the utility infrastructure (both grey and green) is adequately developed and scaled to serve the increased population and development, preventing shortages or strain on services.

2.  **Developing Resilient and Sustainable Grey Infrastructure:**
    *   **Objective:** ""Maintain healthy and sustainable water and sanitary infrastructure.""
    *   **Support:** This focuses on key ""grey utility infrastructure"" (water and wastewater systems). By maintaining them as ""healthy and sustainable,"" it contributes to their resilience against failures and ensures long-term viability, which is crucial for a growing community.
    *   **Objective:** ""Develop resilient and integrated stormwater infrastructure.""
    *   **Support:** This specifically targets another critical ""grey and potentially green utility infrastructure"" component. Emphasizing ""resilient and integrated"" design ensures that stormwater systems can withstand extreme weather events and manage runoff effectively, protecting the community and other infrastructure.

3.  **Promoting Sustainability and Resource Efficiency (Grey & Green):**
    *   **Objective:** ""Reduce solid waste and promote its diversion.""
    *   **Support:** While not directly about pipes or wires, waste management is a vital utility service. Reducing waste and promoting diversion (e.g., recycling, composting) contributes to overall community sustainability, reduces the burden on landfills, and can even lead to resource recovery, making the utility system more ""sustainable"" and ""resilient"" by minimizing environmental impact.
    *   **Objective:** ""Increase energy independence, resilience, and sustainability.""
    *   **Support:** Energy is a fundamental utility. By increasing its ""independence, resilience, and sustainability,"" the chapter aims to secure a reliable energy supply for the community, making the entire utility network more robust against disruptions and environmentally friendly. This supports the ""resilient grey and green utility infrastructure"" aspect by ensuring a stable power source for all other utilities and promoting sustainable energy practices.

In summary, the objectives work in concert to build a utility system that is not only physically strong and adaptable (""resilient"") but also environmentally responsible (""sustainable"") and capable of evolving with the community's needs (""aligned with community growth""), encompassing water, waste, energy, and stormwater management.",5.109,1,0.8125,0.834955892062088,1.0
Gemini_3_Flash_Preview,"According to the ""Transportation"" section (E.1), what is the overarching goal, and how do the four listed objectives collectively aim to achieve this goal?","The overarching goal for transportation is to create a safe, efficient, and connected system that provides mobility choices for all individuals. 

The four objectives aim to achieve this goal through the following collective efforts:

*   **Delivering a safe, efficient, and accessible network:** This objective focuses on utilizing design criteria that prioritize road safety and the efficient movement of people. It emphasizes building a practical, well-maintained infrastructure that includes features like rear lanes to enhance walkability and limit street-fronting driveways.
*   **Providing greater transportation choice:** By promoting a robust street network that supports multi-modal travel options and discourages disconnected layouts like cul-de-sacs, the system ensures that residents have multiple ways to navigate the city.
*   **Making public transit convenient:** This objective works in tandem with the requirement for new developments to provide infrastructure that connects seamlessly with the surrounding transportation network, ensuring that transit and other travel modes are integrated and accessible.
*   **Reducing traffic congestion:** By prioritizing efficient movement, updating long-term servicing plans with sustainable projects, and creating a well-connected grid of streets, the objectives collectively aim to streamline travel and minimize delays across the network.","['# E.1\n\n# Transportation\n\nGoal: Safe, efficient, and connected transportation that provides mobility choices for all.\n\n# Objectives:\n\n- Deliver a safe, efficient, and accessible transportation network.\n- Provide greater transportation choice.\n- Make public transit convenient.\n- Reduce traffic congestion.', ""# Objective 1: Deliver a safe, efficient, and accessible transportation network.\n\n# Policy Actions\n\n| T.1 | Ensure the City's transportation design criteria guide the development of a network that:                                                                                                                               |\n| --- | ----------------------------------------------------------------------------------------------------------------------------------------------------------------------------------------------------------------------- |\n|     | a. Prioritizes the movement of people efficiently;                                                                                                                                                                      |\n|     | b. Aligns with current industry standards;                                                                                                                                                                              |\n|     | c. Prioritizes road safety; and                                                                                                                                                                                         |\n|     | d. Is practical to build and maintain.                                                                                                                                                                                  |\n| T.2 | Promote a robust street network that:                                                                                                                                                                                   |\n|     | a. Supports multi-modal transportation options/ multiple travel options;                                                                                                                                                |\n|     | b. Connects public spaces; and                                                                                                                                                                                          |\n|     | c. Discourages cul-de-sacs and large blocks.                                                                                                                                                                            |\n| T.3 | Require new developments to provide multi-modal transportation infrastructure as specified by City transportation design criteria to serve the site and connect seamlessly with the surrounding transportation network. |\n| T.4 | Support the use of rear lanes to:                                                                                                                                                                                       |\n|     | a. Provide private property vehicle access;                                                                                                                                                                             |\n|     | b. Limit driveways fronting streets; and                                                                                                                                                                                |\n|     | c. Enhance safety and walkability.                                                                                                                                                                                      |\n| T.5 | Continually update the 10-Year Servicing Plan with transportation projects consistent with a transportation system that is efficient, equitable, safe, and sustainable.                                                 |""]","According to the ""Transportation"" section (E.1), the overarching goal is: **Safe, efficient, and connected transportation that provides mobility choices for all.**

The four listed objectives collectively aim to achieve this goal by:
*   **Delivering a safe, efficient, and accessible transportation network:** This establishes the fundamental infrastructure that is reliable and usable for everyone.
*   **Providing greater transportation choice and making public transit convenient:** These objectives directly address the ""mobility choices for all"" aspect by expanding options beyond private vehicles and making key alternatives like public transit more appealing and practical.
*   **Reducing traffic congestion:** This contributes to an ""efficient"" and ""connected"" transportation system by ensuring smoother flow and better utilization of the network, allowing people to move more freely and effectively use their chosen mode of transport.

In essence, the objectives work together to build a robust, diverse, and smoothly operating transportation system that offers various practical ways for all individuals to get around safely and efficiently.",5.547,1,0.5,0.803237495496646,0.2
Gemini_3_Flash_Preview,"According to the document, what is the main subject of the ""IMPORTANT NOTICE"" and where can individuals go to join the conversation about this topic?",The main subject of the notice is the update to the city's Official Community Plan. Individuals can join the conversation by visiting surrey.ca/ocp.,"[""# BofeJite\n\n# IMPORTANT NOTICE\n\nWe're updating the city's Official Community Plan.\n\n# Holiday Hours\n\nJoin the conversation surrey.ca/ocp\n\n# Pop-Up Engagement\n\n# SIGN UP\n\nfor an arts program\n\n# WHAT WE HEARD REPORT\n\n9"", ""# Next Steps\n\nCommunity engagement for Phase 1 of the OCP has concluded. The feedback received from Phase 1 engagement has informed the development of the work in Phase 2. We are exploring ideas relating to the plan, principles, and building blocks which will be the foundation for the OCP. Please take the Phase 2 survey which runs until July 31 and check back for updates.\n\n# Learn More &#x26; Get Involved\n\n- Visit ~~surrey.ca/planning~~ for general information on the Official Community Plan.\n- Visit ~~surrey.ca/ocp~~ for engagement opportunities, updates or to ask questions online.\n- Contact Don Buchanan by email - dbuchanan@surrey.ca or phone - 604.591.4619\n\n# e're updating the OCP!\n\n# What will the    h    %\n\nHow can I     Vaitw    e\n\nstav.informed     Follow\n\nand provide     Take      2\n\n# WHAT WE HEARD REPORT\n\n15""]","According to the document, the main subject of the ""IMPORTANT NOTICE"" is that the city's Official Community Plan is being updated. Individuals can go to surrey.ca/ocp to join the conversation about this topic.",2.89,1,1.0,0.7978062912708364,1.0
Gemini_3_Flash_Preview,"According to the ""Draft Land Use Summary,"" identify two distinct differences between the ""SUBURBAN"" and ""URBAN"" residential designations in Surrey, focusing on the types of housing permitted and the associated community characteristics or services.","The Suburban designation is characterized by low-density neighbourhoods with lots typically ranging from a quarter acre to a half acre in size. In contrast, the Urban designation is defined by its access to frequent transit service and walkable commercial amenities.

Regarding housing types, the Suburban designation is limited to single detached houses, duplexes, and backyard housing such as garden suites and coach houses. The Urban designation allows for a broader range of housing options, including houseplexes, rowhouses, and townhouses, as well as 4-storey residential and mixed-use apartment buildings in locations served by transit or arterial roads.","['Surrey OCP Update\n# Draft Land Use Summary\n\n# Residential Designations\n\nThe majority of Surrey falls within the residential designations: Suburban and Urban. These are Surrey’s neighbourhoods. Over time, they will undergo change as new homes are built. More significant change is limited to areas that are well-served by public transit and the arterial road network.\n\n# SUBURBAN\n\nSUBURBAN is used for low-density suburban residential neighbourhoods. Suburban neighbourhoods contain lots that are generally a quarter acre to a half acre in size with Small-Scale Multi-Unit Housing such as:\n\n- Single detached houses with or without suites,\n- Duplexes with or without suites, and\n- Backyard Housing such as garden suites and coach houses.\n\n# URBAN\n\nURBAN is used for urban neighbourhoods containing a range of housing options, frequent transit service, and walkable commercial amenities. Housing in urban neighbourhoods includes:\n\n- Single detached houses with or without suites,\n- Duplexes with or without suites,\n- Houseplexes,\n- Backyard Housing such as Garden Suites and Coach Houses,\n- Rowhouses, and\n- Townhouses.\n\nIn locations served by transit or arterial roads, 4-storey residential and mixed-use (with ground floor commercial) apartment buildings may be permitted.', 'Surrey OCP Update\n# Draft Land Use Summary\n\n# Rural Designations\n\nSignificant development is not intended in these designations. These areas serve other functions such as food production, ecosystem services, or large lot acreage residential that lack suitable servicing for intensification.\n\n# CONSERVATION-RECREATION\n\nis used for natural areas, forests, public facilities, and major Regional and City parks. This designation protects natural ecosystems and outdoor recreation areas. In some cases these areas may allow for low-density acreage style residential development.\n\n# AGRICULTURAL\n\nis used for lands within the Agricultural Land Reserve (ALR) as well as rural lands outside the ALR that are used for farming. This designation limits subdivision and restricts uses to farming.\n\n# RURAL\n\nis used for properties that are not serviced by sanitary sewers. Without municipal servicing, these areas are not suitable for higher intensity redevelopment. Any development in these areas is intended to be low-density acreage-style residential.\n\n# SUBURBAN-URBAN RESERVE\n\nis used for future urban neighbourhoods. First, the City must determine appropriate land uses, roads, servicing (water, sanitary sewers, etc), parks, and community amenities to support a new neighbourhood. Until a plan is completed, development is intended to be low-density acreage-style residential.\n\n# Map Legend\n\n| Low-Density             | Ground-Oriented Residential | Mixed-Use              | Employment |\n| ----------------------- | --------------------------- | ---------------------- | ---------- |\n| Conservation-Recreation | Suburban                    | Low Rise               | Employment |\n| Agriculture             | Urban                       | Mid Rise               | Industrial |\n| Rural                   | High Rise                   | Suburban-Urban Reserve |            |']","Based on the ""Draft Land Use Summary,"" here are two distinct differences between the ""SUBURBAN"" and ""URBAN"" residential designations:

1.  **Types of Housing Permitted:**
    *   **SUBURBAN:** Primarily permits low-density housing options, specifically listing single detached houses (with or without suites), duplexes (with or without suites), and backyard housing (garden suites and coach houses). It emphasizes lots generally a quarter acre to a half acre in size.
    *   **URBAN:** Allows for a broader and denser range of housing options. In addition to the types found in Suburban, Urban areas also permit houseplexes, rowhouses, townhouses, and in locations served by transit or arterial roads, 4-storey residential and mixed-use apartment buildings.

2.  **Associated Community Characteristics and Services:**
    *   **SUBURBAN:** Characterized as ""low-density suburban residential neighbourhoods"" with larger lot sizes, implying a more spread-out residential environment with less emphasis on immediate, integrated services.
    *   **URBAN:** Defined by the presence of ""frequent transit service"" and ""walkable commercial amenities,"" indicating a more connected, accessible, and service-rich urban environment.",4.328,1,0.8,0.7907109675523165,1.0
Gemini_3_Flash_Preview,"According to the ""Community Infrastructure"" chapter, what is the primary goal for community infrastructure development, and how do the outlined objectives collectively contribute to achieving this goal?","The primary goal for community infrastructure development is to develop facilities and infrastructure throughout the city that meet the needs of a diverse and growing population.

The outlined objectives collectively contribute to this goal by focusing on the following areas:

*   **Social Connection and Livability:** Shaping neighborhoods to foster safety and social interaction while ensuring that multi-family, mixed-use, and commercial developments support universal accessibility and pedestrian-friendly environments.
*   **Accessibility and Connectivity:** Establishing a public space network that is centrally located and well-connected, specifically by placing new civic, cultural, and recreational facilities in Town Centres and near transit.
*   **Cultural and Heritage Integration:** Growing arts and culture as a fundamental part of the city’s social and physical makeup and advancing heritage programs that are equitable and inclusive.
*   **Strategic Planning and Design:** Using specific development guidelines to create a distinct character for city centers through high standards of architectural design, public art, and the preservation of unique local landmarks.
*   **Comprehensive Service Provision:** Advocating for and guiding the development of non-municipal community facilities and services to ensure a wide range of needs are met across the city.","['# Community Infrastructure\n\nGoal: Develop community infrastructure and facilities throughout the city to meet the needs of a diverse and growing population.\n\n# Objectives:\n\n- Shape neighbourhoods and communities in a manner that fosters social connection, livability, and safety.\n- Provide a public space network that is accessible, centrally located, and well connected.\n- Establish and grow arts and culture as part of the physical and social make-up of the City.\n- Advance a heritage program that is inclusive and equitable.\n- Advocate for and help guide the provision of non-municipal community facilities and services.', '# Objective 1: Shape neighbourhoods and communities in a manner that fosters social connection, livability, and safety.\n\n# Policy Actions\n\n| CI.1 | Plan for and locate new civic recreational, cultural, heritage, and library facilities in Town Centres, close to transit, prioritizing growing and under-served areas of the city.                                                |\n| ---- | --------------------------------------------------------------------------------------------------------------------------------------------------------------------------------------------------------------------------------- |\n| CI.2 | Co-locate public facilities, such as recreation facilities, and libraries, where possible.                                                                                                                                        |\n| CI.3 | Ensure multi-family, mixed use, commercial, and institutional development proposals support social connection, universal accessibility, and safety by:                                                                            |\n|      | a. Requiring compatibility of scale, massing, and architecture with adjacent sites;                                                                                                                                               |\n|      | b. Designing for safety and comfort;                                                                                                                                                                                              |\n|      | c. Integrating, connecting, and maximizing access for all users;                                                                                                                                                                  |\n|      | d. Promoting vibrant, active, and pedestrian friendly public and private environments;                                                                                                                                            |\n|      | e. Designing for flexibility of uses and resiliency in changing contexts; and                                                                                                                                                     |\n|      | f. Responding appropriately to environmental features to create a “Sense of Place”.                                                                                                                                               |\n| CI.4 | Use the Form & Character Development Guidelines to help foster and establish a distinct character for each Town Centre and City Centre, including:                                                                                |\n|      | a. Promoting, preserving, and enhancing unique characteristics such as architectural styles, built and natural heritage, cultural heritage, social gathering spaces, places of worship, landmark buildings, landscapes, or signs; |\n|      | b. Creating distinctive gateways and identification signs at main entrances;                                                                                                                                                      |\n|      | c. Establishing a defining design style by coordinating the use of signs, banners, public art, paving materials and patterns, street trees, street lights, and site furnishings; and                                              |\n|      | d. Emphasizing a high standard of urban, landscaping, and architectural design.                                                                                                                                                   |']","According to the ""Community Infrastructure"" chapter, the primary goal for community infrastructure development is to:

**Goal:** Develop community infrastructure and facilities throughout the city to meet the needs of a diverse and growing population.

The outlined objectives collectively contribute to achieving this goal by addressing various facets of community well-being and development:

*   **Shaping neighbourhoods and communities** to foster social connection, livability, and safety directly meets fundamental needs of a diverse population for secure and engaging living environments.
*   **Providing an accessible, centrally located, and well-connected public space network** ensures that all residents, regardless of background or location, have access to essential communal facilities and areas for recreation and interaction.
*   **Establishing and growing arts and culture** enriches the physical and social fabric of the City, catering to the cultural and recreational needs of a diverse population.
*   **Advancing an inclusive and equitable heritage program** helps meet the need for identity, belonging, and recognition among a diverse population by valuing and preserving their collective history.
*   **Advocating for and helping guide the provision of non-municipal community facilities and services** acknowledges that a comprehensive approach is required to meet the full spectrum of needs for a diverse and growing population, extending beyond what the municipality directly provides.

Together, these objectives ensure that infrastructure development is holistic, focusing on physical spaces, social connections, cultural enrichment, historical recognition, and broader service provision, all aimed at effectively serving the varied requirements of the city's diverse and expanding population.",5.545,1,0.7692307692307693,0.8389432034796287,1.0
Gemini_3_Flash_Preview,What is the title of the report mentioned in the provided context?,The title of the report mentioned is the WHAT WE HEARD REPORT.,"[""# We're updating the OCP!\n\nTake a button with the message that resonates most:\n\n- My local area I'll spend less time in traffic.\n- I'm acting on climate change.\n- What's your future Surrey?\n- We can afford to live in Surrey.\n\n# Why Is the City Updating the OCP?\n\nWhat will the new OCP do?\n\n# What's our future Surrey?\n\nSome city changes to be addressed:\n\n# A Community Survey\n\nWe're updating the city's Official Community Plan.\n\nTell us what you think: surrey.ca/ocp\n\nWHAT WE HEARD REPORT 3\n\nTell us what you think"", ""# What's Your Future\n\nYour input matters\n\nHelp improve the sharing your future\n\n# A Community Survey\n\n# Survey\n\n# Customer Satisfaction Survey\n\n| CSY | Very Poor | Excellent | Good | Average | Poor |\n| --- | --------- | --------- | ---- | ------- | ---- |\n\n# WHAT WE HEARD REPORT\n\n4""]",WHAT WE HEARD REPORT,2.112,1,1.0,0.8515498307021943,1.0
Gemini_3_Flash_Preview,"Based on the provided context regarding ""Building Block 5: A healthy environment and zero carbon city,"" answer the following:","Building Block 5 focuses on establishing a healthy environment and a zero-carbon city, supported by a Climate Change Action Strategy endorsed in 2023. The central goal is to reduce community greenhouse gas emissions to net-zero by 2050, with an interim target of a 45% reduction below 2010 levels by 2030.

Public sentiment regarding this direction is divided; approximately 41% of respondents believe the plan is on the right track, while 42% feel it requires more work. Feedback from those seeking improvements highlights several key themes:
*   **Infrastructure and Transit:** A need for better transit frequency, more sidewalks, and expanded biking infrastructure, alongside provisions for traffic congestion and wider roads.
*   **Natural Environment:** Increased greenery in communities and better planning to preserve existing trees.
*   **Sustainability and Incentives:** Implementation of sustainable building design standards, more EV charging stations, and government incentives for electric cars and sustainable building upgrades.
*   **Safety:** Enhancing safety to encourage walking to local destinations.

To achieve these objectives, specific policy actions have been identified:
*   **Building and Energy Standards:** The city aims to phase out operational greenhouse gas emissions in new buildings through the Energy Step Code and Zero Carbon Step Code. There is also a focus on accelerating zero-carbon retrofits for existing buildings and reducing embodied carbon in construction.
*   **Urban Design:** Land use plans are being updated to incorporate 15-minute neighbourhood design principles. Development guidelines will encourage features that conserve energy and water while increasing climate resilience.
*   **Transportation and Greenery:** Capital plans will prioritize walking, cycling, and public transit, integrating green infrastructure like street trees and rain gardens into active transportation routes.
*   **Energy Transition:** Efforts include collaborating with utilities for affordable zero-carbon energy and developing a plan to transition Surrey City Energy to zero-carbon by 2050.
*   **Incentives:** Opportunities are being explored to incentivize developments that exceed minimum regulatory requirements for energy efficiency and zero-carbon performance.","['# Building Block 5: A healthy environment and zero carbon city\n\nGlobal warming has led to rising sea levels, intensifying heat waves, more frequent and devastating wildfires, and increasingly powerful storms and floods. In 2023 the City endorsed the Climate Change Action Strategy. This strategy includes strong, science-based targets to lower community greenhouse gas emissions to net-zero by 2050.\n\n# 5a. We asked participants if we are on the right track with Building Block 5 – A healthy environment and zero carbon city. (2,710 responses)\n\n| 41%             | Looks Good           | 41% |\n| --------------- | -------------------- | --- |\n| I’m Not Sure/   | Prefer Not to Answer | 17% |\n| Needs More Work | 42%                  |     |\n\n# 5b. For those who said, “Needs more work”, we asked what they would change or add to the building block. (1,129 responses)\n\nKey themes that emerged:\n\n- More greenery in communities.\n- More walking and biking infrastructure.\n- Better transit options with more frequency.\n- Wider roads and more provisions for traffic congestion.\n- Implementation of sustainable building design standards and regulations.\n- Provision for government incentives for electric cars and sustainable home or business upgrades.\n\n“Add in more sidewalks for walking, more bike lines for biking and more options for public transit.”\n\n“Better planning of green zones and keeping existing trees where possible.”\n\n“More EV charging stations, alternate power to reduce greenhouse emissions for public buildings.”\n\n“Increase safety so people can walk to more places.”\n\n“Policies around trees and development.”\n\nWHAT WE HEARD REPORT  11', '# Objective 2: Reduce GHG emissions and increase climate resilience across all sectors.\n\n# Policy Actions\n\n# CH.5\n\nPartner with senior governments, industries, organizations, businesses, and residents to work towards phasing out fossil fuel use with the goal of achieving a 45% reduction in GHG emissions below 2010 levels by 2030 and net zero emissions before 2050.\n\n# CH.6\n\nUpdate land use plans and the Zoning Bylaw regularly to incorporate 15-minute neighbourhood design principles.\n\n# CH.7\n\nSupport the advancement to zero-carbon energy in all buildings by:\n\n- a. Advocating to utilities and the province for affordable zero-carbon energy;\n- b. Collaborating with BC Hydro to enable provision of sufficient electrical supply; and\n- c. Developing a plan to transition Surrey City Energy to zero-carbon by 2050. (See also Utilities)\n\n# CH.8\n\nSupport the phase out of operational greenhouse gas emissions and increase energy efficiency for all new buildings through Energy Step Code and Zero Carbon Step Code requirements.\n\n# CH.9\n\nEncourage building design features that conserve energy and water, reduce GHG emissions, and increase resilience through the Form and Character Development Permit Guidelines and other design guidance.\n\n# CH.10\n\nExplore opportunities to incentivize developments that exceed minimum regulatory requirements for energy efficiency and zero-carbon performance.\n\n# CH.11\n\nEncourage construction practices and technologies that reduce embodied carbon and improve climate resilience of new buildings.\n\n# CH.12\n\nAccelerate affordable zero-carbon resilience retrofits of existing buildings by:\n\n- a. Advocating to senior levels of government for regulations, funding, and supportive programs; and\n- b. Developing a comprehensive existing building strategy.\n\n# CH.13\n\nEnsure transportation practices, policies, standards, and capital plans that prioritize walking, cycling and public transit, including through the integration of green infrastructure (e.g. street trees or raingardens) alongside active transportation infrastructure. (See also Transportation)\n\n32']","Based on the provided context regarding ""Building Block 5: A healthy environment and zero carbon city"":

This building block addresses the impacts of global warming, such as rising sea levels, heat waves, wildfires, storms, and floods. In 2023, the City endorsed a Climate Change Action Strategy with science-based targets to achieve net-zero community greenhouse gas emissions by 2050.

When participants were asked if the city is on the right track with this building block (2,710 responses):
*   41% said it ""Looks Good.""
*   17% were ""Not Sure/Prefer Not to Answer.""
*   42% said it ""Needs More Work.""

For the 1,129 participants who felt it ""Needs More Work,"" key themes for changes or additions included:
*   More greenery in communities, better planning of green zones, and keeping existing trees.
*   More walking and biking infrastructure (sidewalks, bike lanes).
*   Better transit options with increased frequency.
*   Wider roads and more provisions for traffic congestion.
*   Implementation of sustainable building design standards and regulations.
*   Provision for government incentives for electric cars and sustainable home or business upgrades, including more EV charging stations and alternate power for public buildings.
*   Increased safety to encourage walking.",8.988,1,1.0,0.8024947532975744,1.0
Gemini_3_Flash_Preview,"Based on the ""WHAT WE HEARD REPORT"" for Building Block 2: A Thriving and Diverse Economy, identify and explain at least three distinct areas of concern or suggestions for improvement raised by participants who felt the building block ""Needs More Work."" Support your answer with specific details or quotes from the report.","Participants who felt that the ""Thriving and Diverse Economy"" building block required more work highlighted several key areas for improvement:

*   **Protection of Agricultural Land and Food Security:** A primary concern was the preservation of the Agricultural Land Reserve (ALR). Participants emphasized that maintaining these lands is vital for future food security. Suggestions included ensuring the ALR remains intact and even reclaiming lands currently used for other purposes. One participant noted that ""food security is going to be of the utmost importance in years to come,"" highlighting the need to protect local food production while balancing industrial development.

*   **Infrastructure and Essential Services:** There is a significant call to prioritize the development of foundational services to support a growing economy. This includes the construction and improvement of roads, schools, hospitals, and public transit. A specific point of concern was the integration of these services with the workforce, as one respondent mentioned that ""employment needs to be better connected with transportation.""

*   **Support for Local Businesses and Job Growth:** Participants suggested that more should be done to foster a diverse business environment and create local employment. This involves providing ""incentives for small and unique businesses in local communities"" and making commercial spaces more affordable. Additionally, there were calls to ""encourage more corporate headquarters to relocate to Surrey"" to enhance the availability of local job opportunities and reach the goal of having one job for every resident worker.","['# Building Block 2: A Thriving and Diverse Economy\n\nA growing City needs to consider employment in addition to housing. A thriving and diverse economy is one that has jobs in a variety of sectors across the City. One of the City’s economic goals is to create one job for every resident worker in Surrey.\n\n# 2a.\n\nWe asked participants if we are on the right track with Building Block 2 – A thriving and diverse economy. (2,816 responses)\n\n| 58%             | Looks Good           | 58% |\n| --------------- | -------------------- | --- |\n| I’m Not Sure/   | Prefer Not to Answer | 15% |\n| Needs More Work | 27%                  |     |\n\n# 2b.\n\nFor those who said, “Needs more work”, we asked what they would change or add to the building block. (750 responses)\n\n# Key themes that emerged:\n\n- Ensure protection of Agricultural Land Reserve.\n“Food security is going to be of the utmost importance in years to come. We must insure our ALR remains intact and possibly reclaim any ALR lands that are presently being used for other purposes.”\n- Prioritize development of essential services such as roads, schools, hospitals and public transit.\n- Support for small, local and diverse businesses.\n“The employment needs to be better connected with transportation.”\n- Enhance local job opportunities.\n“Encourage more corporate headquarters to relocate to Surrey.”\n- Ensure availability of affordable housing and commercial spaces.\n“Create incentives for small and unique businesses in local communities.”\n- Suggestions to promote industrial development while preserving agricultural land for local food production.\n\nWHAT WE HEARD REPORT  8', '# Building Block 3: A vibrant downtown\n\nMetro Vancouver’s Regional Growth Strategy identifies Surrey City Centre as the region’s second downtown. Over the past decade Surrey City Centre has grown considerably, and a downtown is beginning to emerge. Thriving vibrant urban centres have a mix of residential and employment uses, along with parks and public places, and arts and culture spaces. These spaces compliment each other.\n\n# 3a. We asked participants if we are on the right track with Building Block 3 – A vibrant downtown. (2,772 responses)\n\n| 47% | Looks Good    | 47% |                 |     |\n| --- | ------------- | --- | --------------- | --- |\n|     | I’m Not Sure/ | 16% | Needs More Work | 37% |\n\n# 3b. For those who said, “Needs more work”, we asked what they would change or add to the building block. (1,018 responses)\n\nKey themes that emerged:\n\n- Ensure that public spaces, including sidewalks and areas around transit stations, are regularly cleaned and maintained. “Priority for green space in high density areas.”\n- Provision for adequate green space in high rise developments. “Better boulevards with wider sidewalks. More street beautification.”\n- Improve safety measures in downtown core. “Encourage commercial development and residential development with good public transportation connections to reduce travel times and costs.”\n- Enhancing cultural, entertainment and recreation facilities that are accessible to all. “More entertainment &#x26; dining options. Restaurants, lounges, bars, etc.”\n- Bring variety of shopping brands and retail stores to Downtown. “There needs to be areas where people can live, work and enjoy arts and culture.”\n- Make downtown more walkable and accessible with maintained pathways and sidewalks.\n\nWHAT WE HEARD REPORT  9']","Based on the ""WHAT WE HEARD REPORT"" for Building Block 2: A Thriving and Diverse Economy, participants who felt the building block ""Needs More Work"" raised several distinct areas of concern or suggestions for improvement:

1.  **Protection of Agricultural Land Reserve (ALR):** Participants emphasized the critical importance of preserving the Agricultural Land Reserve for future food security. They suggested not only keeping existing ALR intact but also potentially reclaiming lands currently used for other purposes.
    *   **Support:** ""Food security is going to be of the utmost importance in years to come. We must insure our ALR remains intact and possibly reclaim any ALR lands that are presently being used for other purposes.”

2.  **Prioritization of Essential Services and Infrastructure:** There was a strong call to ensure that economic development is adequately supported by essential services and infrastructure. This includes improving connectivity between employment centers and transportation, as well as developing crucial public services.
    *   **Support:** ""Prioritize development of essential services such as roads, schools, hospitals and public transit."" and ""The employment needs to be better connected with transportation.”

3.  **Support for Small, Local, and Diverse Businesses & Enhanced Local Job Opportunities:** Participants expressed a desire for more robust support for small, local, and unique businesses within communities. They also wanted to see an increase in local job opportunities, including efforts to attract corporate headquarters to Surrey.
    *   **Support:** ""Support for small, local and diverse businesses."" and ""Enhance local job opportunities."" and ""Encourage more corporate headquarters to relocate to Surrey."" and ""Create incentives for small and unique businesses in local communities.”",5.658,1,0.8823529411764706,0.8432644399769573,1.0
Gemini_3_Flash_Preview,"Based on the provided context, what is the main subject area of the document identified as a ""WHAT WE HEARD REPORT""?","The main subject area of the report is the development of the Official Community Plan (OCP). The document focuses on gathering and analyzing feedback from the community and youth regarding various policy directions, including housing, transportation, community infrastructure, natural assets, the economy, and environmental sustainability. It serves as a platform to inform city planning and policy development based on public input and identified priority themes.","['What We Heard\n\n# Priority Directions\n\nWe identified 8 policy chapters listed below. Each chapter included high-level policy directions.\n\n| 0 Housing      | 33 Utility Infrastructure         | + Climate, Natural Hazards & Emergency Preparedness |\n| -------------- | --------------------------------- | --------------------------------------------------- |\n| 11 Economy     | 70 Natural Assets, Biodiversity & | \\*\\*\\* Agriculture & Food Systems                   |\n| Transportation | Community Infrastructure          |                                                     |\n\n1. We asked participants to select all policy chapters they wanted to provide feedback on. (2,467 responses)\n\n# Top four responses included:\n\n| 80% | said Housing                                             |\n| --- | -------------------------------------------------------- |\n| 80% | said Transportation                                      |\n| 74% | said Community Infrastructure                            |\n| 60% | said Natural Assets, Biodiversity & Green Infrastructure |\n\n# Other responses included:\n\n| 59% | said Economy                                           |\n| --- | ------------------------------------------------------ |\n| 55% | said Utility Infrastructure                            |\n| 53% | said Agriculture & Food Systems                        |\n| 51% | said Climate, Natural Hazards & Emergency Preparedness |\n\nWHAT WE HEARD REPORT 5', 'Surrey Leadership Youth Council’s Youth Speak Up Forum\n\nThe Surrey Leadership Youth Council (SLYC) is made up of 15 youth from Surrey that holds regular meetings at City Hall. SLYC members develop their leadership skills and consult with various departments within the City of Surrey. They act as the representative “youth voice” when providing input for policy and planning.\n\nThe yearly Youth Speak Up Forum, in November, offers a platform for young individuals aged 13 to 18 to voice their perspectives on topics significant to them. The topics vary annually, mirroring Surrey’s current needs and fostering dialogue on important matters. One of the three topics discussed at the 2023 Youth Speak Up Forum was the Official Community Plan.\n\n# STAFF\n\n# What We Did\n\nThe Official Community Plan (OCP) workshop at the Youth Speak Up Forum was dedicated to encouraging youth to participate in City affairs and collecting their feedback to inform the development of the OCP. The goal of the workshop was to give a platform for youth to vocalize their opinions on prominent issues in Surrey. Additionally, it aims to provide an overview of the OCP and what it will be used for.\n\nThe Surrey Leadership Youth Council (SLYC) identified four leading themes that largely affect the youth population:\n\n1. Services\n2. Health and Safety\n3. Building a community\n4. Transportation\n\nThese four themes were discussed in detail throughout the workshop. By applying feedback received to improve specific areas, SLYC empowers local youth to engage with their concerns in the community and take effective steps. The following page shows a visual summary of the outcomes from the workshop.\n\nWHAT WE HEARD REPORT  13']","Based on the provided context, the main subject area of the document identified as a ""WHAT WE HEARD REPORT"" is **Youth Engagement**.",3.543,1,1.0,0.7642191605622687,1.0
Gemini_3_Flash_Preview,"Based on the ""WHAT WE HEARD REPORT"" on page 8, what was the total number of responses received regarding preferred engagement methods, and which specific method was chosen by 27% of the participants?","The total number of responses received regarding preferred engagement methods was 3,193. The specific method chosen by 27% of the participants was community mapping.","['# 6. We asked participants about their preferred ways of engaging with City.\n\n(3193 responses)\n\n| Surveys                     | 74% |\n| --------------------------- | --- |\n| Open houses in person       | 43% |\n| Pop-ups at community events | 38% |\n| Discussion or focus groups  | 31% |\n| Community mapping           | 27% |\n| Webinars                    | 26% |\n| Workshops                   | 22% |\n| Interviews                  | 18% |\n| Other                       | 2%  |\n| Not interested              | 5%  |\n\n# WHAT WE HEARD REPORT\n\n8', '# 7.\n\nWe asked participants how would they like to engage on the OCP in the future. (1,455 respondents)\n\n| 77% | Online surveys                         |\n| --- | -------------------------------------- |\n| 49% | Email updates & feedback opportunities |\n| 26% | In-person events and workshops         |\n| 18% | Virtual meetings/ webinars             |\n| 11% | Social media discussions               |\n| 3%  | I prefer not to participate            |\n\nRespondents were able to select multiple options\n\n# Next Steps\n\nThe feedback collected during Phase 4 will help shape the draft OCP policies and draft land use designations, and the plan will be finalized for Council approval in early 2026.\n\n# Learn More\n\n•  Visit ~~surrey.ca/planning~~ for general information on the Official Community Plan.\n\n# WHAT WE HEARD REPORT\n\n# 11']","Based on the ""WHAT WE HEARD REPORT"" on page 8:
The total number of responses received regarding preferred engagement methods was **3193**.
The specific method chosen by 27% of the participants was **Community mapping**.",2.779,1,1.0,0.8055391533180928,1.0
Gemini_3_Flash_Preview,"According to the ""Utility Infrastructure"" chapter, what is the overarching goal, and how do the listed objectives collectively support the achievement of this goal? Provide specific examples from the objectives to illustrate your explanation.","The overarching goal for utility infrastructure is to develop resilient grey and green systems that are aligned with community growth. The listed objectives collectively support this goal by addressing the maintenance, expansion, and sustainability of essential services to ensure they remain functional and efficient as the population increases.

Specific examples of how these objectives support the goal include:

*   **Alignment with Growth:** One objective focuses on ensuring utilities keep pace with growth. This is achieved through policy actions such as encouraging compact and efficient land uses to minimize the costs of new infrastructure and regularly updating a 10-year Engineering Servicing Plan to identify the works needed to support the population.
*   **Resilience and Sustainability:** Objectives emphasize maintaining healthy and sustainable water and sanitary infrastructure, as well as developing integrated stormwater systems. These efforts ensure the long-term durability of grey and green utility frameworks.
*   **Resource Management:** The goal is further supported by objectives aimed at reducing solid waste through diversion and increasing energy independence and sustainability, which contribute to a more resilient and self-sufficient utility network.
*   **Service Standards:** To maintain infrastructure quality during expansion, new developments are required to meet current standards or those specified in secondary plans, ensuring that different neighborhoods receive appropriate levels of service for drainage, streetlights, and other utilities.","['# Utility Infrastructure\n\nGoal: Develop resilient grey and green utility infrastructure that is aligned with community growth.\n\n# Objectives:\n\n- Ensure utilities keep pace with growth.\n- Maintain healthy and sustainable water and sanitary infrastructure.\n- Develop resilient and integrated stormwater infrastructure.\n- Reduce solid waste and promote its diversion.\n- Increase energy independence, resilience, and sustainability.', '# Objective 1: Ensure utilities keep pace with growth.\n\n# Policy Actions\n\n| U.1 | Encourage the development of more compact and efficient land uses and servicing systems, using existing infrastructure systems efficiently through infill and intensification to minimize the costs of new utility infrastructure.                                                                                                                                                                        |\n| --- | --------------------------------------------------------------------------------------------------------------------------------------------------------------------------------------------------------------------------------------------------------------------------------------------------------------------------------------------------------------------------------------------------------- |\n| U.2 | Recognize that neighbourhoods will continue to have different levels of service for streetlights, sidewalks, drainage, and parks and that retrofitting will be addressed first in high priority areas and areas experiencing significant redevelopment, in the context of neighbourhood equity. New development will be required to meet current standards or standards specified within secondary plans. |\n| U.3 | Site and design new telecommunications equipment, in consultation with neighbourhood residents, using the following standards:                                                                                                                                                                                                                                                                            |\n|     | a. Locate new equipment on existing structures (e.g. building rooftops and utility poles);                                                                                                                                                                                                                                                                                                                |\n|     | b. Design towers and ancillary equipment to fit the surroundings and to minimize visual impact on surrounding properties;                                                                                                                                                                                                                                                                                 |\n|     | c. Landscape the surroundings of towers and ancillary equipment as a visual buffer; and                                                                                                                                                                                                                                                                                                                   |\n|     | d. Minimize the physical and visual appearance of towers and equipment.                                                                                                                                                                                                                                                                                                                                   |\n| U.4 | Regularly update a 10-year Engineering Servicing Plan to identify the infrastructure works and services necessary to meet the needs of the City’s existing population and to support growth.                                                                                                                                                                                                              |\n| U.5 | Work with senior levels of government and private partners to deliver major infrastructure improvements, including transportation, communication, and utility infrastructure.                                                                                                                                                                                                                             |']","According to the ""Utility Infrastructure"" chapter, the overarching goal is to:

**Develop resilient grey and green utility infrastructure that is aligned with community growth.**

The listed objectives collectively support the achievement of this goal by addressing various critical aspects of utility management, ensuring they are robust, sustainable, and capable of meeting the demands of a growing community.

Here's how the objectives support the goal:

1.  **Ensuring Alignment with Community Growth:**
    *   **Objective:** ""Ensure utilities keep pace with growth.""
    *   **Support:** This directly addresses the ""aligned with community growth"" part of the goal. It ensures that as the community expands, the utility infrastructure (both grey and green) is adequately developed and scaled to serve the increased population and development, preventing shortages or strain on services.

2.  **Developing Resilient and Sustainable Grey Infrastructure:**
    *   **Objective:** ""Maintain healthy and sustainable water and sanitary infrastructure.""
    *   **Support:** This focuses on key ""grey utility infrastructure"" (water and wastewater systems). By maintaining them as ""healthy and sustainable,"" it contributes to their resilience against failures and ensures long-term viability, which is crucial for a growing community.
    *   **Objective:** ""Develop resilient and integrated stormwater infrastructure.""
    *   **Support:** This specifically targets another critical ""grey and potentially green utility infrastructure"" component. Emphasizing ""resilient and integrated"" design ensures that stormwater systems can withstand extreme weather events and manage runoff effectively, protecting the community and other infrastructure.

3.  **Promoting Sustainability and Resource Efficiency (Grey & Green):**
    *   **Objective:** ""Reduce solid waste and promote its diversion.""
    *   **Support:** While not directly about pipes or wires, waste management is a vital utility service. Reducing waste and promoting diversion (e.g., recycling, composting) contributes to overall community sustainability, reduces the burden on landfills, and can even lead to resource recovery, making the utility system more ""sustainable"" and ""resilient"" by minimizing environmental impact.
    *   **Objective:** ""Increase energy independence, resilience, and sustainability.""
    *   **Support:** Energy is a fundamental utility. By increasing its ""independence, resilience, and sustainability,"" the chapter aims to secure a reliable energy supply for the community, making the entire utility network more robust against disruptions and environmentally friendly. This supports the ""resilient grey and green utility infrastructure"" aspect by ensuring a stable power source for all other utilities and promoting sustainable energy practices.

In summary, the objectives work in concert to build a utility system that is not only physically strong and adaptable (""resilient"") but also environmentally responsible (""sustainable"") and capable of evolving with the community's needs (""aligned with community growth""), encompassing water, waste, energy, and stormwater management.",5.222,1,0.9444444444444444,0.8877522298203826,1.0
Llama_3.3_70B_Groq,"According to the ""Transportation"" section (E.1), what is the overarching goal, and how do the four listed objectives collectively aim to achieve this goal?","The overarching goal is to have safe, efficient, and connected transportation that provides mobility choices for all. The four listed objectives collectively aim to achieve this goal by focusing on key areas: delivering a safe and efficient transportation network, providing greater transportation choices, making public transit convenient, and reducing traffic congestion. These objectives work together to create a comprehensive transportation system that prioritizes safety, efficiency, and accessibility, ultimately providing mobility choices for all.","['# E.1\n\n# Transportation\n\nGoal: Safe, efficient, and connected transportation that provides mobility choices for all.\n\n# Objectives:\n\n- Deliver a safe, efficient, and accessible transportation network.\n- Provide greater transportation choice.\n- Make public transit convenient.\n- Reduce traffic congestion.', ""# Objective 1: Deliver a safe, efficient, and accessible transportation network.\n\n# Policy Actions\n\n| T.1 | Ensure the City's transportation design criteria guide the development of a network that:                                                                                                                               |\n| --- | ----------------------------------------------------------------------------------------------------------------------------------------------------------------------------------------------------------------------- |\n|     | a. Prioritizes the movement of people efficiently;                                                                                                                                                                      |\n|     | b. Aligns with current industry standards;                                                                                                                                                                              |\n|     | c. Prioritizes road safety; and                                                                                                                                                                                         |\n|     | d. Is practical to build and maintain.                                                                                                                                                                                  |\n| T.2 | Promote a robust street network that:                                                                                                                                                                                   |\n|     | a. Supports multi-modal transportation options/ multiple travel options;                                                                                                                                                |\n|     | b. Connects public spaces; and                                                                                                                                                                                          |\n|     | c. Discourages cul-de-sacs and large blocks.                                                                                                                                                                            |\n| T.3 | Require new developments to provide multi-modal transportation infrastructure as specified by City transportation design criteria to serve the site and connect seamlessly with the surrounding transportation network. |\n| T.4 | Support the use of rear lanes to:                                                                                                                                                                                       |\n|     | a. Provide private property vehicle access;                                                                                                                                                                             |\n|     | b. Limit driveways fronting streets; and                                                                                                                                                                                |\n|     | c. Enhance safety and walkability.                                                                                                                                                                                      |\n| T.5 | Continually update the 10-Year Servicing Plan with transportation projects consistent with a transportation system that is efficient, equitable, safe, and sustainable.                                                 |""]","According to the ""Transportation"" section (E.1), the overarching goal is: **Safe, efficient, and connected transportation that provides mobility choices for all.**

The four listed objectives collectively aim to achieve this goal by:
*   **Delivering a safe, efficient, and accessible transportation network:** This establishes the fundamental infrastructure that is reliable and usable for everyone.
*   **Providing greater transportation choice and making public transit convenient:** These objectives directly address the ""mobility choices for all"" aspect by expanding options beyond private vehicles and making key alternatives like public transit more appealing and practical.
*   **Reducing traffic congestion:** This contributes to an ""efficient"" and ""connected"" transportation system by ensuring smoother flow and better utilization of the network, allowing people to move more freely and effectively use their chosen mode of transport.

In essence, the objectives work together to build a robust, diverse, and smoothly operating transportation system that offers various practical ways for all individuals to get around safely and efficiently.",2.762,1,1.0,0.8065042140152069,0.2
Llama_3.3_70B_Groq,"According to the document, what is the main subject of the ""IMPORTANT NOTICE"" and where can individuals go to join the conversation about this topic?","The main subject of the ""IMPORTANT NOTICE"" is the update of the city's Official Community Plan. Individuals can join the conversation about this topic by visiting surrey.ca/ocp.","[""# BofeJite\n\n# IMPORTANT NOTICE\n\nWe're updating the city's Official Community Plan.\n\n# Holiday Hours\n\nJoin the conversation surrey.ca/ocp\n\n# Pop-Up Engagement\n\n# SIGN UP\n\nfor an arts program\n\n# WHAT WE HEARD REPORT\n\n9"", ""# Next Steps\n\nCommunity engagement for Phase 1 of the OCP has concluded. The feedback received from Phase 1 engagement has informed the development of the work in Phase 2. We are exploring ideas relating to the plan, principles, and building blocks which will be the foundation for the OCP. Please take the Phase 2 survey which runs until July 31 and check back for updates.\n\n# Learn More &#x26; Get Involved\n\n- Visit ~~surrey.ca/planning~~ for general information on the Official Community Plan.\n- Visit ~~surrey.ca/ocp~~ for engagement opportunities, updates or to ask questions online.\n- Contact Don Buchanan by email - dbuchanan@surrey.ca or phone - 604.591.4619\n\n# e're updating the OCP!\n\n# What will the    h    %\n\nHow can I     Vaitw    e\n\nstav.informed     Follow\n\nand provide     Take      2\n\n# WHAT WE HEARD REPORT\n\n15""]","According to the document, the main subject of the ""IMPORTANT NOTICE"" is that the city's Official Community Plan is being updated. Individuals can go to surrey.ca/ocp to join the conversation about this topic.",0.804,1,1.0,0.8441641935806617,1.0
Llama_3.3_70B_Groq,"According to the ""Draft Land Use Summary,"" identify two distinct differences between the ""SUBURBAN"" and ""URBAN"" residential designations in Surrey, focusing on the types of housing permitted and the associated community characteristics or services.","Two distinct differences between the ""SUBURBAN"" and ""URBAN"" residential designations are: 

1. Housing options: While both designations permit single detached houses, duplexes, and backyard housing, the ""URBAN"" designation also allows for houseplexes, rowhouses, townhouses, and 4-storey residential and mixed-use apartment buildings in areas served by transit or arterial roads. In contrast, ""SUBURBAN"" is limited to small-scale multi-unit housing.

2. Community characteristics and services: ""URBAN"" neighbourhoods are characterized by frequent transit service and walkable commercial amenities, whereas ""SUBURBAN"" neighbourhoods do not have these specific characteristics mentioned. The presence of these services in ""URBAN"" areas suggests a more dense and connected community, whereas ""SUBURBAN"" areas are described as low-density suburban residential neighbourhoods.","['Surrey OCP Update\n# Draft Land Use Summary\n\n# Residential Designations\n\nThe majority of Surrey falls within the residential designations: Suburban and Urban. These are Surrey’s neighbourhoods. Over time, they will undergo change as new homes are built. More significant change is limited to areas that are well-served by public transit and the arterial road network.\n\n# SUBURBAN\n\nSUBURBAN is used for low-density suburban residential neighbourhoods. Suburban neighbourhoods contain lots that are generally a quarter acre to a half acre in size with Small-Scale Multi-Unit Housing such as:\n\n- Single detached houses with or without suites,\n- Duplexes with or without suites, and\n- Backyard Housing such as garden suites and coach houses.\n\n# URBAN\n\nURBAN is used for urban neighbourhoods containing a range of housing options, frequent transit service, and walkable commercial amenities. Housing in urban neighbourhoods includes:\n\n- Single detached houses with or without suites,\n- Duplexes with or without suites,\n- Houseplexes,\n- Backyard Housing such as Garden Suites and Coach Houses,\n- Rowhouses, and\n- Townhouses.\n\nIn locations served by transit or arterial roads, 4-storey residential and mixed-use (with ground floor commercial) apartment buildings may be permitted.', 'Surrey OCP Update\n# Draft Land Use Summary\n\n# Rural Designations\n\nSignificant development is not intended in these designations. These areas serve other functions such as food production, ecosystem services, or large lot acreage residential that lack suitable servicing for intensification.\n\n# CONSERVATION-RECREATION\n\nis used for natural areas, forests, public facilities, and major Regional and City parks. This designation protects natural ecosystems and outdoor recreation areas. In some cases these areas may allow for low-density acreage style residential development.\n\n# AGRICULTURAL\n\nis used for lands within the Agricultural Land Reserve (ALR) as well as rural lands outside the ALR that are used for farming. This designation limits subdivision and restricts uses to farming.\n\n# RURAL\n\nis used for properties that are not serviced by sanitary sewers. Without municipal servicing, these areas are not suitable for higher intensity redevelopment. Any development in these areas is intended to be low-density acreage-style residential.\n\n# SUBURBAN-URBAN RESERVE\n\nis used for future urban neighbourhoods. First, the City must determine appropriate land uses, roads, servicing (water, sanitary sewers, etc), parks, and community amenities to support a new neighbourhood. Until a plan is completed, development is intended to be low-density acreage-style residential.\n\n# Map Legend\n\n| Low-Density             | Ground-Oriented Residential | Mixed-Use              | Employment |\n| ----------------------- | --------------------------- | ---------------------- | ---------- |\n| Conservation-Recreation | Suburban                    | Low Rise               | Employment |\n| Agriculture             | Urban                       | Mid Rise               | Industrial |\n| Rural                   | High Rise                   | Suburban-Urban Reserve |            |']","Based on the ""Draft Land Use Summary,"" here are two distinct differences between the ""SUBURBAN"" and ""URBAN"" residential designations:

1.  **Types of Housing Permitted:**
    *   **SUBURBAN:** Primarily permits low-density housing options, specifically listing single detached houses (with or without suites), duplexes (with or without suites), and backyard housing (garden suites and coach houses). It emphasizes lots generally a quarter acre to a half acre in size.
    *   **URBAN:** Allows for a broader and denser range of housing options. In addition to the types found in Suburban, Urban areas also permit houseplexes, rowhouses, townhouses, and in locations served by transit or arterial roads, 4-storey residential and mixed-use apartment buildings.

2.  **Associated Community Characteristics and Services:**
    *   **SUBURBAN:** Characterized as ""low-density suburban residential neighbourhoods"" with larger lot sizes, implying a more spread-out residential environment with less emphasis on immediate, integrated services.
    *   **URBAN:** Defined by the presence of ""frequent transit service"" and ""walkable commercial amenities,"" indicating a more connected, accessible, and service-rich urban environment.",1.776,1,0.7142857142857143,0.7823095950898494,1.0
Llama_3.3_70B_Groq,"According to the ""Community Infrastructure"" chapter, what is the primary goal for community infrastructure development, and how do the outlined objectives collectively contribute to achieving this goal?","The primary goal for community infrastructure development is to develop community infrastructure and facilities throughout the city to meet the needs of a diverse and growing population. The outlined objectives collectively contribute to achieving this goal by focusing on creating livable, safe, and connected communities. 

These objectives include shaping neighbourhoods to foster social connection, livability, and safety, providing an accessible public space network, establishing and growing arts and culture, advancing an inclusive heritage program, and advocating for non-municipal community facilities and services. 

By addressing these various aspects, the objectives work together to create a comprehensive approach to community infrastructure development, ultimately supporting the growth and diversity of the population by providing the necessary facilities, services, and spaces to meet their needs.","['# Community Infrastructure\n\nGoal: Develop community infrastructure and facilities throughout the city to meet the needs of a diverse and growing population.\n\n# Objectives:\n\n- Shape neighbourhoods and communities in a manner that fosters social connection, livability, and safety.\n- Provide a public space network that is accessible, centrally located, and well connected.\n- Establish and grow arts and culture as part of the physical and social make-up of the City.\n- Advance a heritage program that is inclusive and equitable.\n- Advocate for and help guide the provision of non-municipal community facilities and services.', '# Objective 1: Shape neighbourhoods and communities in a manner that fosters social connection, livability, and safety.\n\n# Policy Actions\n\n| CI.1 | Plan for and locate new civic recreational, cultural, heritage, and library facilities in Town Centres, close to transit, prioritizing growing and under-served areas of the city.                                                |\n| ---- | --------------------------------------------------------------------------------------------------------------------------------------------------------------------------------------------------------------------------------- |\n| CI.2 | Co-locate public facilities, such as recreation facilities, and libraries, where possible.                                                                                                                                        |\n| CI.3 | Ensure multi-family, mixed use, commercial, and institutional development proposals support social connection, universal accessibility, and safety by:                                                                            |\n|      | a. Requiring compatibility of scale, massing, and architecture with adjacent sites;                                                                                                                                               |\n|      | b. Designing for safety and comfort;                                                                                                                                                                                              |\n|      | c. Integrating, connecting, and maximizing access for all users;                                                                                                                                                                  |\n|      | d. Promoting vibrant, active, and pedestrian friendly public and private environments;                                                                                                                                            |\n|      | e. Designing for flexibility of uses and resiliency in changing contexts; and                                                                                                                                                     |\n|      | f. Responding appropriately to environmental features to create a “Sense of Place”.                                                                                                                                               |\n| CI.4 | Use the Form & Character Development Guidelines to help foster and establish a distinct character for each Town Centre and City Centre, including:                                                                                |\n|      | a. Promoting, preserving, and enhancing unique characteristics such as architectural styles, built and natural heritage, cultural heritage, social gathering spaces, places of worship, landmark buildings, landscapes, or signs; |\n|      | b. Creating distinctive gateways and identification signs at main entrances;                                                                                                                                                      |\n|      | c. Establishing a defining design style by coordinating the use of signs, banners, public art, paving materials and patterns, street trees, street lights, and site furnishings; and                                              |\n|      | d. Emphasizing a high standard of urban, landscaping, and architectural design.                                                                                                                                                   |']","According to the ""Community Infrastructure"" chapter, the primary goal for community infrastructure development is to:

**Goal:** Develop community infrastructure and facilities throughout the city to meet the needs of a diverse and growing population.

The outlined objectives collectively contribute to achieving this goal by addressing various facets of community well-being and development:

*   **Shaping neighbourhoods and communities** to foster social connection, livability, and safety directly meets fundamental needs of a diverse population for secure and engaging living environments.
*   **Providing an accessible, centrally located, and well-connected public space network** ensures that all residents, regardless of background or location, have access to essential communal facilities and areas for recreation and interaction.
*   **Establishing and growing arts and culture** enriches the physical and social fabric of the City, catering to the cultural and recreational needs of a diverse population.
*   **Advancing an inclusive and equitable heritage program** helps meet the need for identity, belonging, and recognition among a diverse population by valuing and preserving their collective history.
*   **Advocating for and helping guide the provision of non-municipal community facilities and services** acknowledges that a comprehensive approach is required to meet the full spectrum of needs for a diverse and growing population, extending beyond what the municipality directly provides.

Together, these objectives ensure that infrastructure development is holistic, focusing on physical spaces, social connections, cultural enrichment, historical recognition, and broader service provision, all aimed at effectively serving the varied requirements of the city's diverse and expanding population.",1.34,1,1.0,0.8746521504902814,1.0
Llama_3.3_70B_Groq,What is the title of the report mentioned in the provided context?,WHAT WE HEARD REPORT,"[""# We're updating the OCP!\n\nTake a button with the message that resonates most:\n\n- My local area I'll spend less time in traffic.\n- I'm acting on climate change.\n- What's your future Surrey?\n- We can afford to live in Surrey.\n\n# Why Is the City Updating the OCP?\n\nWhat will the new OCP do?\n\n# What's our future Surrey?\n\nSome city changes to be addressed:\n\n# A Community Survey\n\nWe're updating the city's Official Community Plan.\n\nTell us what you think: surrey.ca/ocp\n\nWHAT WE HEARD REPORT 3\n\nTell us what you think"", ""# What's Your Future\n\nYour input matters\n\nHelp improve the sharing your future\n\n# A Community Survey\n\n# Survey\n\n# Customer Satisfaction Survey\n\n| CSY | Very Poor | Excellent | Good | Average | Poor |\n| --- | --------- | --------- | ---- | ------- | ---- |\n\n# WHAT WE HEARD REPORT\n\n4""]",WHAT WE HEARD REPORT,0.8,1,1.0,0.0,1.0
Llama_3.3_70B_Groq,"Based on the provided context regarding ""Building Block 5: A healthy environment and zero carbon city,"" answer the following:","41% of participants think the city is on the right track with Building Block 5, while 42% believe it needs more work. The key areas that need improvement include adding more greenery in communities, increasing walking and biking infrastructure, providing better transit options, and implementing sustainable building design standards and regulations. Additionally, participants suggested provisions for government incentives for electric cars and sustainable home or business upgrades. 

Some specific suggestions from participants include adding more sidewalks, bike lines, and public transit options, as well as increasing safety for pedestrians and implementing policies around trees and development. The city aims to achieve net-zero emissions by 2050, with a target of reducing greenhouse gas emissions by 45% below 2010 levels by 2030. 

The city's policy actions to support this goal include partnering with senior governments and industries to phase out fossil fuel use, updating land use plans to incorporate 15-minute neighborhood design principles, and supporting the advancement of zero-carbon energy in all buildings. The city also plans to encourage building design features that conserve energy and water, reduce greenhouse gas emissions, and increase resilience.","['# Building Block 5: A healthy environment and zero carbon city\n\nGlobal warming has led to rising sea levels, intensifying heat waves, more frequent and devastating wildfires, and increasingly powerful storms and floods. In 2023 the City endorsed the Climate Change Action Strategy. This strategy includes strong, science-based targets to lower community greenhouse gas emissions to net-zero by 2050.\n\n# 5a. We asked participants if we are on the right track with Building Block 5 – A healthy environment and zero carbon city. (2,710 responses)\n\n| 41%             | Looks Good           | 41% |\n| --------------- | -------------------- | --- |\n| I’m Not Sure/   | Prefer Not to Answer | 17% |\n| Needs More Work | 42%                  |     |\n\n# 5b. For those who said, “Needs more work”, we asked what they would change or add to the building block. (1,129 responses)\n\nKey themes that emerged:\n\n- More greenery in communities.\n- More walking and biking infrastructure.\n- Better transit options with more frequency.\n- Wider roads and more provisions for traffic congestion.\n- Implementation of sustainable building design standards and regulations.\n- Provision for government incentives for electric cars and sustainable home or business upgrades.\n\n“Add in more sidewalks for walking, more bike lines for biking and more options for public transit.”\n\n“Better planning of green zones and keeping existing trees where possible.”\n\n“More EV charging stations, alternate power to reduce greenhouse emissions for public buildings.”\n\n“Increase safety so people can walk to more places.”\n\n“Policies around trees and development.”\n\nWHAT WE HEARD REPORT  11', '# Objective 2: Reduce GHG emissions and increase climate resilience across all sectors.\n\n# Policy Actions\n\n# CH.5\n\nPartner with senior governments, industries, organizations, businesses, and residents to work towards phasing out fossil fuel use with the goal of achieving a 45% reduction in GHG emissions below 2010 levels by 2030 and net zero emissions before 2050.\n\n# CH.6\n\nUpdate land use plans and the Zoning Bylaw regularly to incorporate 15-minute neighbourhood design principles.\n\n# CH.7\n\nSupport the advancement to zero-carbon energy in all buildings by:\n\n- a. Advocating to utilities and the province for affordable zero-carbon energy;\n- b. Collaborating with BC Hydro to enable provision of sufficient electrical supply; and\n- c. Developing a plan to transition Surrey City Energy to zero-carbon by 2050. (See also Utilities)\n\n# CH.8\n\nSupport the phase out of operational greenhouse gas emissions and increase energy efficiency for all new buildings through Energy Step Code and Zero Carbon Step Code requirements.\n\n# CH.9\n\nEncourage building design features that conserve energy and water, reduce GHG emissions, and increase resilience through the Form and Character Development Permit Guidelines and other design guidance.\n\n# CH.10\n\nExplore opportunities to incentivize developments that exceed minimum regulatory requirements for energy efficiency and zero-carbon performance.\n\n# CH.11\n\nEncourage construction practices and technologies that reduce embodied carbon and improve climate resilience of new buildings.\n\n# CH.12\n\nAccelerate affordable zero-carbon resilience retrofits of existing buildings by:\n\n- a. Advocating to senior levels of government for regulations, funding, and supportive programs; and\n- b. Developing a comprehensive existing building strategy.\n\n# CH.13\n\nEnsure transportation practices, policies, standards, and capital plans that prioritize walking, cycling and public transit, including through the integration of green infrastructure (e.g. street trees or raingardens) alongside active transportation infrastructure. (See also Transportation)\n\n32']","Based on the provided context regarding ""Building Block 5: A healthy environment and zero carbon city"":

This building block addresses the impacts of global warming, such as rising sea levels, heat waves, wildfires, storms, and floods. In 2023, the City endorsed a Climate Change Action Strategy with science-based targets to achieve net-zero community greenhouse gas emissions by 2050.

When participants were asked if the city is on the right track with this building block (2,710 responses):
*   41% said it ""Looks Good.""
*   17% were ""Not Sure/Prefer Not to Answer.""
*   42% said it ""Needs More Work.""

For the 1,129 participants who felt it ""Needs More Work,"" key themes for changes or additions included:
*   More greenery in communities, better planning of green zones, and keeping existing trees.
*   More walking and biking infrastructure (sidewalks, bike lanes).
*   Better transit options with increased frequency.
*   Wider roads and more provisions for traffic congestion.
*   Implementation of sustainable building design standards and regulations.
*   Provision for government incentives for electric cars and sustainable home or business upgrades, including more EV charging stations and alternate power for public buildings.
*   Increased safety to encourage walking.",1.371,1,1.0,0.8249207077782059,1.0
Llama_3.3_70B_Groq,"Based on the ""WHAT WE HEARD REPORT"" for Building Block 2: A Thriving and Diverse Economy, identify and explain at least three distinct areas of concern or suggestions for improvement raised by participants who felt the building block ""Needs More Work."" Support your answer with specific details or quotes from the report.","Three distinct areas of concern or suggestions for improvement raised by participants who felt the building block ""Needs More Work"" are: 

1. Protection of Agricultural Land Reserve: Participants emphasized the importance of preserving agricultural land for local food production. One participant stated, ""Food security is going to be of the utmost importance in years to come. We must insure our ALR remains intact and possibly reclaim any ALR lands that are presently being used for other purposes."" This suggests that participants are concerned about the long-term sustainability of the city's food supply and want to ensure that agricultural land is protected.

2. Support for small, local, and diverse businesses: Participants suggested that the city should prioritize the development of essential services and support small, local, and diverse businesses. One participant noted, ""The employment needs to be better connected with transportation."" This implies that participants want to see a more integrated approach to economic development, where businesses are connected to transportation hubs and other essential services.

3. Enhancement of local job opportunities and affordable housing: Participants proposed enhancing local job opportunities and ensuring the availability of affordable housing and commercial spaces. One participant recommended, ""Encourage more corporate headquarters to relocate to Surrey"" and another suggested, ""Create incentives for small and unique businesses in local communities."" These suggestions indicate that participants want to see a more diverse range of job opportunities and affordable housing options, which would help to create a more thriving and diverse economy.","['# Building Block 2: A Thriving and Diverse Economy\n\nA growing City needs to consider employment in addition to housing. A thriving and diverse economy is one that has jobs in a variety of sectors across the City. One of the City’s economic goals is to create one job for every resident worker in Surrey.\n\n# 2a.\n\nWe asked participants if we are on the right track with Building Block 2 – A thriving and diverse economy. (2,816 responses)\n\n| 58%             | Looks Good           | 58% |\n| --------------- | -------------------- | --- |\n| I’m Not Sure/   | Prefer Not to Answer | 15% |\n| Needs More Work | 27%                  |     |\n\n# 2b.\n\nFor those who said, “Needs more work”, we asked what they would change or add to the building block. (750 responses)\n\n# Key themes that emerged:\n\n- Ensure protection of Agricultural Land Reserve.\n“Food security is going to be of the utmost importance in years to come. We must insure our ALR remains intact and possibly reclaim any ALR lands that are presently being used for other purposes.”\n- Prioritize development of essential services such as roads, schools, hospitals and public transit.\n- Support for small, local and diverse businesses.\n“The employment needs to be better connected with transportation.”\n- Enhance local job opportunities.\n“Encourage more corporate headquarters to relocate to Surrey.”\n- Ensure availability of affordable housing and commercial spaces.\n“Create incentives for small and unique businesses in local communities.”\n- Suggestions to promote industrial development while preserving agricultural land for local food production.\n\nWHAT WE HEARD REPORT  8', '# Building Block 3: A vibrant downtown\n\nMetro Vancouver’s Regional Growth Strategy identifies Surrey City Centre as the region’s second downtown. Over the past decade Surrey City Centre has grown considerably, and a downtown is beginning to emerge. Thriving vibrant urban centres have a mix of residential and employment uses, along with parks and public places, and arts and culture spaces. These spaces compliment each other.\n\n# 3a. We asked participants if we are on the right track with Building Block 3 – A vibrant downtown. (2,772 responses)\n\n| 47% | Looks Good    | 47% |                 |     |\n| --- | ------------- | --- | --------------- | --- |\n|     | I’m Not Sure/ | 16% | Needs More Work | 37% |\n\n# 3b. For those who said, “Needs more work”, we asked what they would change or add to the building block. (1,018 responses)\n\nKey themes that emerged:\n\n- Ensure that public spaces, including sidewalks and areas around transit stations, are regularly cleaned and maintained. “Priority for green space in high density areas.”\n- Provision for adequate green space in high rise developments. “Better boulevards with wider sidewalks. More street beautification.”\n- Improve safety measures in downtown core. “Encourage commercial development and residential development with good public transportation connections to reduce travel times and costs.”\n- Enhancing cultural, entertainment and recreation facilities that are accessible to all. “More entertainment &#x26; dining options. Restaurants, lounges, bars, etc.”\n- Bring variety of shopping brands and retail stores to Downtown. “There needs to be areas where people can live, work and enjoy arts and culture.”\n- Make downtown more walkable and accessible with maintained pathways and sidewalks.\n\nWHAT WE HEARD REPORT  9']","Based on the ""WHAT WE HEARD REPORT"" for Building Block 2: A Thriving and Diverse Economy, participants who felt the building block ""Needs More Work"" raised several distinct areas of concern or suggestions for improvement:

1.  **Protection of Agricultural Land Reserve (ALR):** Participants emphasized the critical importance of preserving the Agricultural Land Reserve for future food security. They suggested not only keeping existing ALR intact but also potentially reclaiming lands currently used for other purposes.
    *   **Support:** ""Food security is going to be of the utmost importance in years to come. We must insure our ALR remains intact and possibly reclaim any ALR lands that are presently being used for other purposes.”

2.  **Prioritization of Essential Services and Infrastructure:** There was a strong call to ensure that economic development is adequately supported by essential services and infrastructure. This includes improving connectivity between employment centers and transportation, as well as developing crucial public services.
    *   **Support:** ""Prioritize development of essential services such as roads, schools, hospitals and public transit."" and ""The employment needs to be better connected with transportation.”

3.  **Support for Small, Local, and Diverse Businesses & Enhanced Local Job Opportunities:** Participants expressed a desire for more robust support for small, local, and unique businesses within communities. They also wanted to see an increase in local job opportunities, including efforts to attract corporate headquarters to Surrey.
    *   **Support:** ""Support for small, local and diverse businesses."" and ""Enhance local job opportunities."" and ""Encourage more corporate headquarters to relocate to Surrey."" and ""Create incentives for small and unique businesses in local communities.”",1.77,1,0.8947368421052632,0.8104605459479749,1.0
Llama_3.3_70B_Groq,"Based on the provided context, what is the main subject area of the document identified as a ""WHAT WE HEARD REPORT""?","The main subject area of the document identified as a ""WHAT WE HEARD REPORT"" appears to be the Official Community Plan, specifically focusing on feedback and input from participants, including youth, on various policy chapters and themes that affect the community.","['What We Heard\n\n# Priority Directions\n\nWe identified 8 policy chapters listed below. Each chapter included high-level policy directions.\n\n| 0 Housing      | 33 Utility Infrastructure         | + Climate, Natural Hazards & Emergency Preparedness |\n| -------------- | --------------------------------- | --------------------------------------------------- |\n| 11 Economy     | 70 Natural Assets, Biodiversity & | \\*\\*\\* Agriculture & Food Systems                   |\n| Transportation | Community Infrastructure          |                                                     |\n\n1. We asked participants to select all policy chapters they wanted to provide feedback on. (2,467 responses)\n\n# Top four responses included:\n\n| 80% | said Housing                                             |\n| --- | -------------------------------------------------------- |\n| 80% | said Transportation                                      |\n| 74% | said Community Infrastructure                            |\n| 60% | said Natural Assets, Biodiversity & Green Infrastructure |\n\n# Other responses included:\n\n| 59% | said Economy                                           |\n| --- | ------------------------------------------------------ |\n| 55% | said Utility Infrastructure                            |\n| 53% | said Agriculture & Food Systems                        |\n| 51% | said Climate, Natural Hazards & Emergency Preparedness |\n\nWHAT WE HEARD REPORT 5', 'Surrey Leadership Youth Council’s Youth Speak Up Forum\n\nThe Surrey Leadership Youth Council (SLYC) is made up of 15 youth from Surrey that holds regular meetings at City Hall. SLYC members develop their leadership skills and consult with various departments within the City of Surrey. They act as the representative “youth voice” when providing input for policy and planning.\n\nThe yearly Youth Speak Up Forum, in November, offers a platform for young individuals aged 13 to 18 to voice their perspectives on topics significant to them. The topics vary annually, mirroring Surrey’s current needs and fostering dialogue on important matters. One of the three topics discussed at the 2023 Youth Speak Up Forum was the Official Community Plan.\n\n# STAFF\n\n# What We Did\n\nThe Official Community Plan (OCP) workshop at the Youth Speak Up Forum was dedicated to encouraging youth to participate in City affairs and collecting their feedback to inform the development of the OCP. The goal of the workshop was to give a platform for youth to vocalize their opinions on prominent issues in Surrey. Additionally, it aims to provide an overview of the OCP and what it will be used for.\n\nThe Surrey Leadership Youth Council (SLYC) identified four leading themes that largely affect the youth population:\n\n1. Services\n2. Health and Safety\n3. Building a community\n4. Transportation\n\nThese four themes were discussed in detail throughout the workshop. By applying feedback received to improve specific areas, SLYC empowers local youth to engage with their concerns in the community and take effective steps. The following page shows a visual summary of the outcomes from the workshop.\n\nWHAT WE HEARD REPORT  13']","Based on the provided context, the main subject area of the document identified as a ""WHAT WE HEARD REPORT"" is **Youth Engagement**.",0.749,1,1.0,0.890562078375969,1.0
Llama_3.3_70B_Groq,"Based on the ""WHAT WE HEARD REPORT"" on page 8, what was the total number of responses received regarding preferred engagement methods, and which specific method was chosen by 27% of the participants?",The total number of responses received was 3193. The specific method chosen by 27% of the participants was Community mapping.,"['# 6. We asked participants about their preferred ways of engaging with City.\n\n(3193 responses)\n\n| Surveys                     | 74% |\n| --------------------------- | --- |\n| Open houses in person       | 43% |\n| Pop-ups at community events | 38% |\n| Discussion or focus groups  | 31% |\n| Community mapping           | 27% |\n| Webinars                    | 26% |\n| Workshops                   | 22% |\n| Interviews                  | 18% |\n| Other                       | 2%  |\n| Not interested              | 5%  |\n\n# WHAT WE HEARD REPORT\n\n8', '# 7.\n\nWe asked participants how would they like to engage on the OCP in the future. (1,455 respondents)\n\n| 77% | Online surveys                         |\n| --- | -------------------------------------- |\n| 49% | Email updates & feedback opportunities |\n| 26% | In-person events and workshops         |\n| 18% | Virtual meetings/ webinars             |\n| 11% | Social media discussions               |\n| 3%  | I prefer not to participate            |\n\nRespondents were able to select multiple options\n\n# Next Steps\n\nThe feedback collected during Phase 4 will help shape the draft OCP policies and draft land use designations, and the plan will be finalized for Council approval in early 2026.\n\n# Learn More\n\n•  Visit ~~surrey.ca/planning~~ for general information on the Official Community Plan.\n\n# WHAT WE HEARD REPORT\n\n# 11']","Based on the ""WHAT WE HEARD REPORT"" on page 8:
The total number of responses received regarding preferred engagement methods was **3193**.
The specific method chosen by 27% of the participants was **Community mapping**.",0.725,1,0.5,0.730142394192672,1.0
Llama_3.3_70B_Groq,"According to the ""Utility Infrastructure"" chapter, what is the overarching goal, and how do the listed objectives collectively support the achievement of this goal? Provide specific examples from the objectives to illustrate your explanation.","The overarching goal is to develop resilient grey and green utility infrastructure that is aligned with community growth. The listed objectives collectively support the achievement of this goal by addressing various aspects of utility infrastructure development, maintenance, and sustainability. 

For instance, the objective to ""Ensure utilities keep pace with growth"" directly supports the goal by emphasizing the need for utilities to be developed in tandem with community expansion. The objective to ""Maintain healthy and sustainable water and sanitary infrastructure"" contributes to the goal by highlighting the importance of preserving the quality and reliability of essential services. 

The objective to ""Develop resilient and integrated stormwater infrastructure"" also supports the goal by focusing on the need for adaptable and connected systems that can manage water resources effectively. Additionally, the objectives to ""Reduce solid waste and promote its diversion"" and ""Increase energy independence, resilience, and sustainability"" collectively contribute to the goal by promoting environmentally conscious practices and reducing the community's ecological footprint.

These objectives, when achieved, will collectively help develop resilient grey and green utility infrastructure that supports community growth while minimizing its environmental impact. For example, reducing solid waste and promoting diversion can lead to more efficient use of resources, while increasing energy independence can reduce the community's reliance on non-renewable energy sources, ultimately supporting the development of resilient and sustainable utility infrastructure.","['# Utility Infrastructure\n\nGoal: Develop resilient grey and green utility infrastructure that is aligned with community growth.\n\n# Objectives:\n\n- Ensure utilities keep pace with growth.\n- Maintain healthy and sustainable water and sanitary infrastructure.\n- Develop resilient and integrated stormwater infrastructure.\n- Reduce solid waste and promote its diversion.\n- Increase energy independence, resilience, and sustainability.', '# Objective 1: Ensure utilities keep pace with growth.\n\n# Policy Actions\n\n| U.1 | Encourage the development of more compact and efficient land uses and servicing systems, using existing infrastructure systems efficiently through infill and intensification to minimize the costs of new utility infrastructure.                                                                                                                                                                        |\n| --- | --------------------------------------------------------------------------------------------------------------------------------------------------------------------------------------------------------------------------------------------------------------------------------------------------------------------------------------------------------------------------------------------------------- |\n| U.2 | Recognize that neighbourhoods will continue to have different levels of service for streetlights, sidewalks, drainage, and parks and that retrofitting will be addressed first in high priority areas and areas experiencing significant redevelopment, in the context of neighbourhood equity. New development will be required to meet current standards or standards specified within secondary plans. |\n| U.3 | Site and design new telecommunications equipment, in consultation with neighbourhood residents, using the following standards:                                                                                                                                                                                                                                                                            |\n|     | a. Locate new equipment on existing structures (e.g. building rooftops and utility poles);                                                                                                                                                                                                                                                                                                                |\n|     | b. Design towers and ancillary equipment to fit the surroundings and to minimize visual impact on surrounding properties;                                                                                                                                                                                                                                                                                 |\n|     | c. Landscape the surroundings of towers and ancillary equipment as a visual buffer; and                                                                                                                                                                                                                                                                                                                   |\n|     | d. Minimize the physical and visual appearance of towers and equipment.                                                                                                                                                                                                                                                                                                                                   |\n| U.4 | Regularly update a 10-year Engineering Servicing Plan to identify the infrastructure works and services necessary to meet the needs of the City’s existing population and to support growth.                                                                                                                                                                                                              |\n| U.5 | Work with senior levels of government and private partners to deliver major infrastructure improvements, including transportation, communication, and utility infrastructure.                                                                                                                                                                                                                             |']","According to the ""Utility Infrastructure"" chapter, the overarching goal is to:

**Develop resilient grey and green utility infrastructure that is aligned with community growth.**

The listed objectives collectively support the achievement of this goal by addressing various critical aspects of utility management, ensuring they are robust, sustainable, and capable of meeting the demands of a growing community.

Here's how the objectives support the goal:

1.  **Ensuring Alignment with Community Growth:**
    *   **Objective:** ""Ensure utilities keep pace with growth.""
    *   **Support:** This directly addresses the ""aligned with community growth"" part of the goal. It ensures that as the community expands, the utility infrastructure (both grey and green) is adequately developed and scaled to serve the increased population and development, preventing shortages or strain on services.

2.  **Developing Resilient and Sustainable Grey Infrastructure:**
    *   **Objective:** ""Maintain healthy and sustainable water and sanitary infrastructure.""
    *   **Support:** This focuses on key ""grey utility infrastructure"" (water and wastewater systems). By maintaining them as ""healthy and sustainable,"" it contributes to their resilience against failures and ensures long-term viability, which is crucial for a growing community.
    *   **Objective:** ""Develop resilient and integrated stormwater infrastructure.""
    *   **Support:** This specifically targets another critical ""grey and potentially green utility infrastructure"" component. Emphasizing ""resilient and integrated"" design ensures that stormwater systems can withstand extreme weather events and manage runoff effectively, protecting the community and other infrastructure.

3.  **Promoting Sustainability and Resource Efficiency (Grey & Green):**
    *   **Objective:** ""Reduce solid waste and promote its diversion.""
    *   **Support:** While not directly about pipes or wires, waste management is a vital utility service. Reducing waste and promoting diversion (e.g., recycling, composting) contributes to overall community sustainability, reduces the burden on landfills, and can even lead to resource recovery, making the utility system more ""sustainable"" and ""resilient"" by minimizing environmental impact.
    *   **Objective:** ""Increase energy independence, resilience, and sustainability.""
    *   **Support:** Energy is a fundamental utility. By increasing its ""independence, resilience, and sustainability,"" the chapter aims to secure a reliable energy supply for the community, making the entire utility network more robust against disruptions and environmentally friendly. This supports the ""resilient grey and green utility infrastructure"" aspect by ensuring a stable power source for all other utilities and promoting sustainable energy practices.

In summary, the objectives work in concert to build a utility system that is not only physically strong and adaptable (""resilient"") but also environmentally responsible (""sustainable"") and capable of evolving with the community's needs (""aligned with community growth""), encompassing water, waste, energy, and stormwater management.",1.555,1,0.6666666666666666,0.8397791109882343,0.3
Gemini_2.5_Pro_Ceiling,"According to the ""Transportation"" section (E.1), what is the overarching goal, and how do the four listed objectives collectively aim to achieve this goal?","The overarching goal for transportation is to create a safe, efficient, and connected system that provides mobility choices for all.

The four listed objectives collectively aim to achieve this goal by:
*   Delivering a transportation network that is fundamentally safe, efficient, and accessible.
*   Providing greater transportation choice for users.
*   Making public transit a convenient option.
*   Reducing traffic congestion to improve the network's overall efficiency.","['# E.1\n\n# Transportation\n\nGoal: Safe, efficient, and connected transportation that provides mobility choices for all.\n\n# Objectives:\n\n- Deliver a safe, efficient, and accessible transportation network.\n- Provide greater transportation choice.\n- Make public transit convenient.\n- Reduce traffic congestion.', ""# Objective 1: Deliver a safe, efficient, and accessible transportation network.\n\n# Policy Actions\n\n| T.1 | Ensure the City's transportation design criteria guide the development of a network that:                                                                                                                               |\n| --- | ----------------------------------------------------------------------------------------------------------------------------------------------------------------------------------------------------------------------- |\n|     | a. Prioritizes the movement of people efficiently;                                                                                                                                                                      |\n|     | b. Aligns with current industry standards;                                                                                                                                                                              |\n|     | c. Prioritizes road safety; and                                                                                                                                                                                         |\n|     | d. Is practical to build and maintain.                                                                                                                                                                                  |\n| T.2 | Promote a robust street network that:                                                                                                                                                                                   |\n|     | a. Supports multi-modal transportation options/ multiple travel options;                                                                                                                                                |\n|     | b. Connects public spaces; and                                                                                                                                                                                          |\n|     | c. Discourages cul-de-sacs and large blocks.                                                                                                                                                                            |\n| T.3 | Require new developments to provide multi-modal transportation infrastructure as specified by City transportation design criteria to serve the site and connect seamlessly with the surrounding transportation network. |\n| T.4 | Support the use of rear lanes to:                                                                                                                                                                                       |\n|     | a. Provide private property vehicle access;                                                                                                                                                                             |\n|     | b. Limit driveways fronting streets; and                                                                                                                                                                                |\n|     | c. Enhance safety and walkability.                                                                                                                                                                                      |\n| T.5 | Continually update the 10-Year Servicing Plan with transportation projects consistent with a transportation system that is efficient, equitable, safe, and sustainable.                                                 |""]","According to the ""Transportation"" section (E.1), the overarching goal is: **Safe, efficient, and connected transportation that provides mobility choices for all.**

The four listed objectives collectively aim to achieve this goal by:
*   **Delivering a safe, efficient, and accessible transportation network:** This establishes the fundamental infrastructure that is reliable and usable for everyone.
*   **Providing greater transportation choice and making public transit convenient:** These objectives directly address the ""mobility choices for all"" aspect by expanding options beyond private vehicles and making key alternatives like public transit more appealing and practical.
*   **Reducing traffic congestion:** This contributes to an ""efficient"" and ""connected"" transportation system by ensuring smoother flow and better utilization of the network, allowing people to move more freely and effectively use their chosen mode of transport.

In essence, the objectives work together to build a robust, diverse, and smoothly operating transportation system that offers various practical ways for all individuals to get around safely and efficiently.",11.143,1,0.8571428571428571,0.8120138843563492,1.0
Gemini_2.5_Pro_Ceiling,"According to the document, what is the main subject of the ""IMPORTANT NOTICE"" and where can individuals go to join the conversation about this topic?","The ""IMPORTANT NOTICE"" is about the city updating its Official Community Plan. To join the conversation on this topic, individuals can visit surrey.ca/ocp.","[""# BofeJite\n\n# IMPORTANT NOTICE\n\nWe're updating the city's Official Community Plan.\n\n# Holiday Hours\n\nJoin the conversation surrey.ca/ocp\n\n# Pop-Up Engagement\n\n# SIGN UP\n\nfor an arts program\n\n# WHAT WE HEARD REPORT\n\n9"", ""# Next Steps\n\nCommunity engagement for Phase 1 of the OCP has concluded. The feedback received from Phase 1 engagement has informed the development of the work in Phase 2. We are exploring ideas relating to the plan, principles, and building blocks which will be the foundation for the OCP. Please take the Phase 2 survey which runs until July 31 and check back for updates.\n\n# Learn More &#x26; Get Involved\n\n- Visit ~~surrey.ca/planning~~ for general information on the Official Community Plan.\n- Visit ~~surrey.ca/ocp~~ for engagement opportunities, updates or to ask questions online.\n- Contact Don Buchanan by email - dbuchanan@surrey.ca or phone - 604.591.4619\n\n# e're updating the OCP!\n\n# What will the    h    %\n\nHow can I     Vaitw    e\n\nstav.informed     Follow\n\nand provide     Take      2\n\n# WHAT WE HEARD REPORT\n\n15""]","According to the document, the main subject of the ""IMPORTANT NOTICE"" is that the city's Official Community Plan is being updated. Individuals can go to surrey.ca/ocp to join the conversation about this topic.",5.996,1,1.0,0.8121961192641153,1.0
Gemini_2.5_Pro_Ceiling,"According to the ""Draft Land Use Summary,"" identify two distinct differences between the ""SUBURBAN"" and ""URBAN"" residential designations in Surrey, focusing on the types of housing permitted and the associated community characteristics or services.","Based on the land use summary, here are two distinct differences between the ""SUBURBAN"" and ""URBAN"" residential designations:

1.  **Housing Options:** The URBAN designation permits a wider range of housing types compared to the SUBURBAN designation. While both allow for single detached houses, duplexes, and backyard housing, the URBAN designation also includes houseplexes, rowhouses, townhouses, and potentially 4-storey residential or mixed-use apartment buildings.

2.  **Community Services and Amenities:** URBAN neighbourhoods are characterized by having frequent transit service and walkable commercial amenities. In contrast, the SUBURBAN designation is described as low-density with lot sizes generally ranging from a quarter to a half acre, without a specific mention of these services.","['Surrey OCP Update\n# Draft Land Use Summary\n\n# Residential Designations\n\nThe majority of Surrey falls within the residential designations: Suburban and Urban. These are Surrey’s neighbourhoods. Over time, they will undergo change as new homes are built. More significant change is limited to areas that are well-served by public transit and the arterial road network.\n\n# SUBURBAN\n\nSUBURBAN is used for low-density suburban residential neighbourhoods. Suburban neighbourhoods contain lots that are generally a quarter acre to a half acre in size with Small-Scale Multi-Unit Housing such as:\n\n- Single detached houses with or without suites,\n- Duplexes with or without suites, and\n- Backyard Housing such as garden suites and coach houses.\n\n# URBAN\n\nURBAN is used for urban neighbourhoods containing a range of housing options, frequent transit service, and walkable commercial amenities. Housing in urban neighbourhoods includes:\n\n- Single detached houses with or without suites,\n- Duplexes with or without suites,\n- Houseplexes,\n- Backyard Housing such as Garden Suites and Coach Houses,\n- Rowhouses, and\n- Townhouses.\n\nIn locations served by transit or arterial roads, 4-storey residential and mixed-use (with ground floor commercial) apartment buildings may be permitted.', 'Surrey OCP Update\n# Draft Land Use Summary\n\n# Rural Designations\n\nSignificant development is not intended in these designations. These areas serve other functions such as food production, ecosystem services, or large lot acreage residential that lack suitable servicing for intensification.\n\n# CONSERVATION-RECREATION\n\nis used for natural areas, forests, public facilities, and major Regional and City parks. This designation protects natural ecosystems and outdoor recreation areas. In some cases these areas may allow for low-density acreage style residential development.\n\n# AGRICULTURAL\n\nis used for lands within the Agricultural Land Reserve (ALR) as well as rural lands outside the ALR that are used for farming. This designation limits subdivision and restricts uses to farming.\n\n# RURAL\n\nis used for properties that are not serviced by sanitary sewers. Without municipal servicing, these areas are not suitable for higher intensity redevelopment. Any development in these areas is intended to be low-density acreage-style residential.\n\n# SUBURBAN-URBAN RESERVE\n\nis used for future urban neighbourhoods. First, the City must determine appropriate land uses, roads, servicing (water, sanitary sewers, etc), parks, and community amenities to support a new neighbourhood. Until a plan is completed, development is intended to be low-density acreage-style residential.\n\n# Map Legend\n\n| Low-Density             | Ground-Oriented Residential | Mixed-Use              | Employment |\n| ----------------------- | --------------------------- | ---------------------- | ---------- |\n| Conservation-Recreation | Suburban                    | Low Rise               | Employment |\n| Agriculture             | Urban                       | Mid Rise               | Industrial |\n| Rural                   | High Rise                   | Suburban-Urban Reserve |            |']","Based on the ""Draft Land Use Summary,"" here are two distinct differences between the ""SUBURBAN"" and ""URBAN"" residential designations:

1.  **Types of Housing Permitted:**
    *   **SUBURBAN:** Primarily permits low-density housing options, specifically listing single detached houses (with or without suites), duplexes (with or without suites), and backyard housing (garden suites and coach houses). It emphasizes lots generally a quarter acre to a half acre in size.
    *   **URBAN:** Allows for a broader and denser range of housing options. In addition to the types found in Suburban, Urban areas also permit houseplexes, rowhouses, townhouses, and in locations served by transit or arterial roads, 4-storey residential and mixed-use apartment buildings.

2.  **Associated Community Characteristics and Services:**
    *   **SUBURBAN:** Characterized as ""low-density suburban residential neighbourhoods"" with larger lot sizes, implying a more spread-out residential environment with less emphasis on immediate, integrated services.
    *   **URBAN:** Defined by the presence of ""frequent transit service"" and ""walkable commercial amenities,"" indicating a more connected, accessible, and service-rich urban environment.",8.766,1,1.0,0.798147169812812,1.0
Gemini_2.5_Pro_Ceiling,"According to the ""Community Infrastructure"" chapter, what is the primary goal for community infrastructure development, and how do the outlined objectives collectively contribute to achieving this goal?","The primary goal for community infrastructure is to develop facilities throughout the city that meet the needs of a diverse and growing population.

The outlined objectives collectively contribute to this goal by:
*   Shaping neighborhoods to foster social connection, livability, and safety.
*   Providing a network of public spaces that is accessible, centrally located, and well-connected.
*   Establishing and growing arts and culture as integral parts of the city's physical and social identity.
*   Advancing an inclusive and equitable heritage program.
*   Advocating for and helping to guide the provision of community facilities and services that are not municipally run.","['# Community Infrastructure\n\nGoal: Develop community infrastructure and facilities throughout the city to meet the needs of a diverse and growing population.\n\n# Objectives:\n\n- Shape neighbourhoods and communities in a manner that fosters social connection, livability, and safety.\n- Provide a public space network that is accessible, centrally located, and well connected.\n- Establish and grow arts and culture as part of the physical and social make-up of the City.\n- Advance a heritage program that is inclusive and equitable.\n- Advocate for and help guide the provision of non-municipal community facilities and services.', '# Objective 1: Shape neighbourhoods and communities in a manner that fosters social connection, livability, and safety.\n\n# Policy Actions\n\n| CI.1 | Plan for and locate new civic recreational, cultural, heritage, and library facilities in Town Centres, close to transit, prioritizing growing and under-served areas of the city.                                                |\n| ---- | --------------------------------------------------------------------------------------------------------------------------------------------------------------------------------------------------------------------------------- |\n| CI.2 | Co-locate public facilities, such as recreation facilities, and libraries, where possible.                                                                                                                                        |\n| CI.3 | Ensure multi-family, mixed use, commercial, and institutional development proposals support social connection, universal accessibility, and safety by:                                                                            |\n|      | a. Requiring compatibility of scale, massing, and architecture with adjacent sites;                                                                                                                                               |\n|      | b. Designing for safety and comfort;                                                                                                                                                                                              |\n|      | c. Integrating, connecting, and maximizing access for all users;                                                                                                                                                                  |\n|      | d. Promoting vibrant, active, and pedestrian friendly public and private environments;                                                                                                                                            |\n|      | e. Designing for flexibility of uses and resiliency in changing contexts; and                                                                                                                                                     |\n|      | f. Responding appropriately to environmental features to create a “Sense of Place”.                                                                                                                                               |\n| CI.4 | Use the Form & Character Development Guidelines to help foster and establish a distinct character for each Town Centre and City Centre, including:                                                                                |\n|      | a. Promoting, preserving, and enhancing unique characteristics such as architectural styles, built and natural heritage, cultural heritage, social gathering spaces, places of worship, landmark buildings, landscapes, or signs; |\n|      | b. Creating distinctive gateways and identification signs at main entrances;                                                                                                                                                      |\n|      | c. Establishing a defining design style by coordinating the use of signs, banners, public art, paving materials and patterns, street trees, street lights, and site furnishings; and                                              |\n|      | d. Emphasizing a high standard of urban, landscaping, and architectural design.                                                                                                                                                   |']","According to the ""Community Infrastructure"" chapter, the primary goal for community infrastructure development is to:

**Goal:** Develop community infrastructure and facilities throughout the city to meet the needs of a diverse and growing population.

The outlined objectives collectively contribute to achieving this goal by addressing various facets of community well-being and development:

*   **Shaping neighbourhoods and communities** to foster social connection, livability, and safety directly meets fundamental needs of a diverse population for secure and engaging living environments.
*   **Providing an accessible, centrally located, and well-connected public space network** ensures that all residents, regardless of background or location, have access to essential communal facilities and areas for recreation and interaction.
*   **Establishing and growing arts and culture** enriches the physical and social fabric of the City, catering to the cultural and recreational needs of a diverse population.
*   **Advancing an inclusive and equitable heritage program** helps meet the need for identity, belonging, and recognition among a diverse population by valuing and preserving their collective history.
*   **Advocating for and helping guide the provision of non-municipal community facilities and services** acknowledges that a comprehensive approach is required to meet the full spectrum of needs for a diverse and growing population, extending beyond what the municipality directly provides.

Together, these objectives ensure that infrastructure development is holistic, focusing on physical spaces, social connections, cultural enrichment, historical recognition, and broader service provision, all aimed at effectively serving the varied requirements of the city's diverse and expanding population.",9.41,1,0.8571428571428571,0.8551114954970037,1.0
Gemini_2.5_Pro_Ceiling,What is the title of the report mentioned in the provided context?,"The title of the report mentioned is ""WHAT WE HEARD REPORT"".","[""# We're updating the OCP!\n\nTake a button with the message that resonates most:\n\n- My local area I'll spend less time in traffic.\n- I'm acting on climate change.\n- What's your future Surrey?\n- We can afford to live in Surrey.\n\n# Why Is the City Updating the OCP?\n\nWhat will the new OCP do?\n\n# What's our future Surrey?\n\nSome city changes to be addressed:\n\n# A Community Survey\n\nWe're updating the city's Official Community Plan.\n\nTell us what you think: surrey.ca/ocp\n\nWHAT WE HEARD REPORT 3\n\nTell us what you think"", ""# What's Your Future\n\nYour input matters\n\nHelp improve the sharing your future\n\n# A Community Survey\n\n# Survey\n\n# Customer Satisfaction Survey\n\n| CSY | Very Poor | Excellent | Good | Average | Poor |\n| --- | --------- | --------- | ---- | ------- | ---- |\n\n# WHAT WE HEARD REPORT\n\n4""]",WHAT WE HEARD REPORT,4.328,1,1.0,0.8515498307021943,1.0
Gemini_2.5_Pro_Ceiling,"Based on the provided context regarding ""Building Block 5: A healthy environment and zero carbon city,"" answer the following:","In response to global warming, the city has endorsed a Climate Change Action Strategy with a science-based target to achieve net-zero community greenhouse gas emissions by 2050.

### Public Feedback

When the public was asked if the city is on the right track with ""Building Block 5: A healthy environment and zero carbon city,"" responses were nearly evenly divided:
*   **41%** felt it ""Looks Good.""
*   **42%** believed it ""Needs More Work.""
*   **17%** were ""Not Sure"" or preferred not to answer.

For those who suggested more work was needed, several key themes emerged:
*   **Greenery:** A desire for more green spaces in communities and the preservation of existing trees.
*   **Transportation:** Calls for more walking and biking infrastructure, better and more frequent transit options, and more EV charging stations. Some also requested wider roads to address traffic congestion.
*   **Buildings:** Suggestions included implementing sustainable building design standards and providing government incentives for electric cars and sustainable upgrades to homes or businesses.
*   **Safety:** A need to increase safety to encourage more people to walk.

### Objectives and Policy Actions

To reduce greenhouse gas (GHG) emissions and increase climate resilience, the city has outlined several objectives and policy actions:

**Overall Targets:**
*   Work towards phasing out fossil fuel use to achieve a 45% reduction in GHG emissions below 2010 levels by 2030, and net-zero emissions before 2050.

**Land Use and Transportation:**
*   Prioritize walking, cycling, and public transit in all transportation plans and standards.
*   Integrate green infrastructure, such as street trees, alongside active transportation routes.
*   Update land use plans to incorporate 15-minute neighbourhood design principles.

**Buildings and Energy:**
*   Support the transition to zero-carbon energy in all buildings. This includes a plan for Surrey City Energy to be zero-carbon by 2050.
*   Phase out operational GHG emissions for all new buildings through the Energy Step Code and Zero Carbon Step Code.
*   Encourage building designs that conserve energy and water through development guidelines.
*   Explore incentives for developments that exceed minimum energy efficiency and zero-carbon performance requirements.
*   Accelerate affordable, zero-carbon retrofits of existing buildings by advocating for funding and developing a comprehensive strategy.","['# Building Block 5: A healthy environment and zero carbon city\n\nGlobal warming has led to rising sea levels, intensifying heat waves, more frequent and devastating wildfires, and increasingly powerful storms and floods. In 2023 the City endorsed the Climate Change Action Strategy. This strategy includes strong, science-based targets to lower community greenhouse gas emissions to net-zero by 2050.\n\n# 5a. We asked participants if we are on the right track with Building Block 5 – A healthy environment and zero carbon city. (2,710 responses)\n\n| 41%             | Looks Good           | 41% |\n| --------------- | -------------------- | --- |\n| I’m Not Sure/   | Prefer Not to Answer | 17% |\n| Needs More Work | 42%                  |     |\n\n# 5b. For those who said, “Needs more work”, we asked what they would change or add to the building block. (1,129 responses)\n\nKey themes that emerged:\n\n- More greenery in communities.\n- More walking and biking infrastructure.\n- Better transit options with more frequency.\n- Wider roads and more provisions for traffic congestion.\n- Implementation of sustainable building design standards and regulations.\n- Provision for government incentives for electric cars and sustainable home or business upgrades.\n\n“Add in more sidewalks for walking, more bike lines for biking and more options for public transit.”\n\n“Better planning of green zones and keeping existing trees where possible.”\n\n“More EV charging stations, alternate power to reduce greenhouse emissions for public buildings.”\n\n“Increase safety so people can walk to more places.”\n\n“Policies around trees and development.”\n\nWHAT WE HEARD REPORT  11', '# Objective 2: Reduce GHG emissions and increase climate resilience across all sectors.\n\n# Policy Actions\n\n# CH.5\n\nPartner with senior governments, industries, organizations, businesses, and residents to work towards phasing out fossil fuel use with the goal of achieving a 45% reduction in GHG emissions below 2010 levels by 2030 and net zero emissions before 2050.\n\n# CH.6\n\nUpdate land use plans and the Zoning Bylaw regularly to incorporate 15-minute neighbourhood design principles.\n\n# CH.7\n\nSupport the advancement to zero-carbon energy in all buildings by:\n\n- a. Advocating to utilities and the province for affordable zero-carbon energy;\n- b. Collaborating with BC Hydro to enable provision of sufficient electrical supply; and\n- c. Developing a plan to transition Surrey City Energy to zero-carbon by 2050. (See also Utilities)\n\n# CH.8\n\nSupport the phase out of operational greenhouse gas emissions and increase energy efficiency for all new buildings through Energy Step Code and Zero Carbon Step Code requirements.\n\n# CH.9\n\nEncourage building design features that conserve energy and water, reduce GHG emissions, and increase resilience through the Form and Character Development Permit Guidelines and other design guidance.\n\n# CH.10\n\nExplore opportunities to incentivize developments that exceed minimum regulatory requirements for energy efficiency and zero-carbon performance.\n\n# CH.11\n\nEncourage construction practices and technologies that reduce embodied carbon and improve climate resilience of new buildings.\n\n# CH.12\n\nAccelerate affordable zero-carbon resilience retrofits of existing buildings by:\n\n- a. Advocating to senior levels of government for regulations, funding, and supportive programs; and\n- b. Developing a comprehensive existing building strategy.\n\n# CH.13\n\nEnsure transportation practices, policies, standards, and capital plans that prioritize walking, cycling and public transit, including through the integration of green infrastructure (e.g. street trees or raingardens) alongside active transportation infrastructure. (See also Transportation)\n\n32']","Based on the provided context regarding ""Building Block 5: A healthy environment and zero carbon city"":

This building block addresses the impacts of global warming, such as rising sea levels, heat waves, wildfires, storms, and floods. In 2023, the City endorsed a Climate Change Action Strategy with science-based targets to achieve net-zero community greenhouse gas emissions by 2050.

When participants were asked if the city is on the right track with this building block (2,710 responses):
*   41% said it ""Looks Good.""
*   17% were ""Not Sure/Prefer Not to Answer.""
*   42% said it ""Needs More Work.""

For the 1,129 participants who felt it ""Needs More Work,"" key themes for changes or additions included:
*   More greenery in communities, better planning of green zones, and keeping existing trees.
*   More walking and biking infrastructure (sidewalks, bike lanes).
*   Better transit options with increased frequency.
*   Wider roads and more provisions for traffic congestion.
*   Implementation of sustainable building design standards and regulations.
*   Provision for government incentives for electric cars and sustainable home or business upgrades, including more EV charging stations and alternate power for public buildings.
*   Increased safety to encourage walking.",17.757,1,1.0,0.7405058106594783,1.0
Gemini_2.5_Pro_Ceiling,"Based on the ""WHAT WE HEARD REPORT"" for Building Block 2: A Thriving and Diverse Economy, identify and explain at least three distinct areas of concern or suggestions for improvement raised by participants who felt the building block ""Needs More Work."" Support your answer with specific details or quotes from the report.","Based on feedback from participants who felt that the ""A Thriving and Diverse Economy"" building block needed more work, several key areas for improvement were identified:

1.  **Protection of Agricultural Land:** A significant concern was the need to protect the Agricultural Land Reserve (ALR). Participants emphasized the future importance of food security, with one suggesting, ""We must insure our ALR remains intact and possibly reclaim any ALR lands that are presently being used for other purposes.” This theme also included ideas for promoting industrial development while preserving agricultural areas for local food production.

2.  **Enhancement of Local Job Opportunities and Business Support:** There was a call to better support small, local, and diverse businesses and to increase local employment options. Suggestions included creating ""incentives for small and unique businesses in local communities"" and encouraging ""more corporate headquarters to relocate to Surrey"" to generate more jobs within the city.

3.  **Development of Essential Services and Infrastructure:** Participants stressed the need to prioritize the development of essential services to support economic growth. This includes infrastructure such as ""roads, schools, hospitals and public transit."" The connection between jobs and infrastructure was highlighted by one respondent who stated, ""The employment needs to be better connected with transportation.""","['# Building Block 2: A Thriving and Diverse Economy\n\nA growing City needs to consider employment in addition to housing. A thriving and diverse economy is one that has jobs in a variety of sectors across the City. One of the City’s economic goals is to create one job for every resident worker in Surrey.\n\n# 2a.\n\nWe asked participants if we are on the right track with Building Block 2 – A thriving and diverse economy. (2,816 responses)\n\n| 58%             | Looks Good           | 58% |\n| --------------- | -------------------- | --- |\n| I’m Not Sure/   | Prefer Not to Answer | 15% |\n| Needs More Work | 27%                  |     |\n\n# 2b.\n\nFor those who said, “Needs more work”, we asked what they would change or add to the building block. (750 responses)\n\n# Key themes that emerged:\n\n- Ensure protection of Agricultural Land Reserve.\n“Food security is going to be of the utmost importance in years to come. We must insure our ALR remains intact and possibly reclaim any ALR lands that are presently being used for other purposes.”\n- Prioritize development of essential services such as roads, schools, hospitals and public transit.\n- Support for small, local and diverse businesses.\n“The employment needs to be better connected with transportation.”\n- Enhance local job opportunities.\n“Encourage more corporate headquarters to relocate to Surrey.”\n- Ensure availability of affordable housing and commercial spaces.\n“Create incentives for small and unique businesses in local communities.”\n- Suggestions to promote industrial development while preserving agricultural land for local food production.\n\nWHAT WE HEARD REPORT  8', '# Building Block 3: A vibrant downtown\n\nMetro Vancouver’s Regional Growth Strategy identifies Surrey City Centre as the region’s second downtown. Over the past decade Surrey City Centre has grown considerably, and a downtown is beginning to emerge. Thriving vibrant urban centres have a mix of residential and employment uses, along with parks and public places, and arts and culture spaces. These spaces compliment each other.\n\n# 3a. We asked participants if we are on the right track with Building Block 3 – A vibrant downtown. (2,772 responses)\n\n| 47% | Looks Good    | 47% |                 |     |\n| --- | ------------- | --- | --------------- | --- |\n|     | I’m Not Sure/ | 16% | Needs More Work | 37% |\n\n# 3b. For those who said, “Needs more work”, we asked what they would change or add to the building block. (1,018 responses)\n\nKey themes that emerged:\n\n- Ensure that public spaces, including sidewalks and areas around transit stations, are regularly cleaned and maintained. “Priority for green space in high density areas.”\n- Provision for adequate green space in high rise developments. “Better boulevards with wider sidewalks. More street beautification.”\n- Improve safety measures in downtown core. “Encourage commercial development and residential development with good public transportation connections to reduce travel times and costs.”\n- Enhancing cultural, entertainment and recreation facilities that are accessible to all. “More entertainment &#x26; dining options. Restaurants, lounges, bars, etc.”\n- Bring variety of shopping brands and retail stores to Downtown. “There needs to be areas where people can live, work and enjoy arts and culture.”\n- Make downtown more walkable and accessible with maintained pathways and sidewalks.\n\nWHAT WE HEARD REPORT  9']","Based on the ""WHAT WE HEARD REPORT"" for Building Block 2: A Thriving and Diverse Economy, participants who felt the building block ""Needs More Work"" raised several distinct areas of concern or suggestions for improvement:

1.  **Protection of Agricultural Land Reserve (ALR):** Participants emphasized the critical importance of preserving the Agricultural Land Reserve for future food security. They suggested not only keeping existing ALR intact but also potentially reclaiming lands currently used for other purposes.
    *   **Support:** ""Food security is going to be of the utmost importance in years to come. We must insure our ALR remains intact and possibly reclaim any ALR lands that are presently being used for other purposes.”

2.  **Prioritization of Essential Services and Infrastructure:** There was a strong call to ensure that economic development is adequately supported by essential services and infrastructure. This includes improving connectivity between employment centers and transportation, as well as developing crucial public services.
    *   **Support:** ""Prioritize development of essential services such as roads, schools, hospitals and public transit."" and ""The employment needs to be better connected with transportation.”

3.  **Support for Small, Local, and Diverse Businesses & Enhanced Local Job Opportunities:** Participants expressed a desire for more robust support for small, local, and unique businesses within communities. They also wanted to see an increase in local job opportunities, including efforts to attract corporate headquarters to Surrey.
    *   **Support:** ""Support for small, local and diverse businesses."" and ""Enhance local job opportunities."" and ""Encourage more corporate headquarters to relocate to Surrey."" and ""Create incentives for small and unique businesses in local communities.”",12.427,1,0.9411764705882353,0.8357877149037873,1.0
Gemini_2.5_Pro_Ceiling,"Based on the provided context, what is the main subject area of the document identified as a ""WHAT WE HEARD REPORT""?","Based on the provided information, the main subject of the ""WHAT WE HEARD REPORT"" is the collection and summary of feedback to inform the development of the Official Community Plan (OCP).

The reports detail feedback gathered from different groups, including the general public and youth, on various policy chapters and themes. Key areas of feedback include:

*   Housing
*   Transportation
*   Community Infrastructure
*   Natural Assets, Biodiversity & Green Infrastructure
*   Services
*   Health and Safety","['What We Heard\n\n# Priority Directions\n\nWe identified 8 policy chapters listed below. Each chapter included high-level policy directions.\n\n| 0 Housing      | 33 Utility Infrastructure         | + Climate, Natural Hazards & Emergency Preparedness |\n| -------------- | --------------------------------- | --------------------------------------------------- |\n| 11 Economy     | 70 Natural Assets, Biodiversity & | \\*\\*\\* Agriculture & Food Systems                   |\n| Transportation | Community Infrastructure          |                                                     |\n\n1. We asked participants to select all policy chapters they wanted to provide feedback on. (2,467 responses)\n\n# Top four responses included:\n\n| 80% | said Housing                                             |\n| --- | -------------------------------------------------------- |\n| 80% | said Transportation                                      |\n| 74% | said Community Infrastructure                            |\n| 60% | said Natural Assets, Biodiversity & Green Infrastructure |\n\n# Other responses included:\n\n| 59% | said Economy                                           |\n| --- | ------------------------------------------------------ |\n| 55% | said Utility Infrastructure                            |\n| 53% | said Agriculture & Food Systems                        |\n| 51% | said Climate, Natural Hazards & Emergency Preparedness |\n\nWHAT WE HEARD REPORT 5', 'Surrey Leadership Youth Council’s Youth Speak Up Forum\n\nThe Surrey Leadership Youth Council (SLYC) is made up of 15 youth from Surrey that holds regular meetings at City Hall. SLYC members develop their leadership skills and consult with various departments within the City of Surrey. They act as the representative “youth voice” when providing input for policy and planning.\n\nThe yearly Youth Speak Up Forum, in November, offers a platform for young individuals aged 13 to 18 to voice their perspectives on topics significant to them. The topics vary annually, mirroring Surrey’s current needs and fostering dialogue on important matters. One of the three topics discussed at the 2023 Youth Speak Up Forum was the Official Community Plan.\n\n# STAFF\n\n# What We Did\n\nThe Official Community Plan (OCP) workshop at the Youth Speak Up Forum was dedicated to encouraging youth to participate in City affairs and collecting their feedback to inform the development of the OCP. The goal of the workshop was to give a platform for youth to vocalize their opinions on prominent issues in Surrey. Additionally, it aims to provide an overview of the OCP and what it will be used for.\n\nThe Surrey Leadership Youth Council (SLYC) identified four leading themes that largely affect the youth population:\n\n1. Services\n2. Health and Safety\n3. Building a community\n4. Transportation\n\nThese four themes were discussed in detail throughout the workshop. By applying feedback received to improve specific areas, SLYC empowers local youth to engage with their concerns in the community and take effective steps. The following page shows a visual summary of the outcomes from the workshop.\n\nWHAT WE HEARD REPORT  13']","Based on the provided context, the main subject area of the document identified as a ""WHAT WE HEARD REPORT"" is **Youth Engagement**.",7.216,1,1.0,0.8740575171622594,1.0
Gemini_2.5_Pro_Ceiling,"Based on the ""WHAT WE HEARD REPORT"" on page 8, what was the total number of responses received regarding preferred engagement methods, and which specific method was chosen by 27% of the participants?","Based on the report, there were 3,193 responses regarding preferred ways of engaging with the City. The specific method chosen by 27% of the participants was community mapping.","['# 6. We asked participants about their preferred ways of engaging with City.\n\n(3193 responses)\n\n| Surveys                     | 74% |\n| --------------------------- | --- |\n| Open houses in person       | 43% |\n| Pop-ups at community events | 38% |\n| Discussion or focus groups  | 31% |\n| Community mapping           | 27% |\n| Webinars                    | 26% |\n| Workshops                   | 22% |\n| Interviews                  | 18% |\n| Other                       | 2%  |\n| Not interested              | 5%  |\n\n# WHAT WE HEARD REPORT\n\n8', '# 7.\n\nWe asked participants how would they like to engage on the OCP in the future. (1,455 respondents)\n\n| 77% | Online surveys                         |\n| --- | -------------------------------------- |\n| 49% | Email updates & feedback opportunities |\n| 26% | In-person events and workshops         |\n| 18% | Virtual meetings/ webinars             |\n| 11% | Social media discussions               |\n| 3%  | I prefer not to participate            |\n\nRespondents were able to select multiple options\n\n# Next Steps\n\nThe feedback collected during Phase 4 will help shape the draft OCP policies and draft land use designations, and the plan will be finalized for Council approval in early 2026.\n\n# Learn More\n\n•  Visit ~~surrey.ca/planning~~ for general information on the Official Community Plan.\n\n# WHAT WE HEARD REPORT\n\n# 11']","Based on the ""WHAT WE HEARD REPORT"" on page 8:
The total number of responses received regarding preferred engagement methods was **3193**.
The specific method chosen by 27% of the participants was **Community mapping**.",6.213,1,1.0,0.835101491936266,1.0
Gemini_2.5_Pro_Ceiling,"According to the ""Utility Infrastructure"" chapter, what is the overarching goal, and how do the listed objectives collectively support the achievement of this goal? Provide specific examples from the objectives to illustrate your explanation.","The overarching goal for utility infrastructure is to develop resilient grey and green systems that are aligned with community growth.

The listed objectives collectively support this goal by breaking it down into specific, actionable areas. Each objective addresses a key component of creating a resilient and growth-aligned utility network.

For example:
*   The objective to **""ensure utilities keep pace with growth""** directly supports the goal of being ""aligned with community growth.""
*   The objectives to **""maintain healthy and sustainable water and sanitary infrastructure,""** **""develop resilient and integrated stormwater infrastructure,""** and **""increase energy independence, resilience, and sustainability""** all contribute to the goal of developing ""resilient grey and green utility infrastructure.""
*   The objective to **""reduce solid waste and promote its diversion""** also supports the sustainability and resilience of the overall utility system.","['# Utility Infrastructure\n\nGoal: Develop resilient grey and green utility infrastructure that is aligned with community growth.\n\n# Objectives:\n\n- Ensure utilities keep pace with growth.\n- Maintain healthy and sustainable water and sanitary infrastructure.\n- Develop resilient and integrated stormwater infrastructure.\n- Reduce solid waste and promote its diversion.\n- Increase energy independence, resilience, and sustainability.', '# Objective 1: Ensure utilities keep pace with growth.\n\n# Policy Actions\n\n| U.1 | Encourage the development of more compact and efficient land uses and servicing systems, using existing infrastructure systems efficiently through infill and intensification to minimize the costs of new utility infrastructure.                                                                                                                                                                        |\n| --- | --------------------------------------------------------------------------------------------------------------------------------------------------------------------------------------------------------------------------------------------------------------------------------------------------------------------------------------------------------------------------------------------------------- |\n| U.2 | Recognize that neighbourhoods will continue to have different levels of service for streetlights, sidewalks, drainage, and parks and that retrofitting will be addressed first in high priority areas and areas experiencing significant redevelopment, in the context of neighbourhood equity. New development will be required to meet current standards or standards specified within secondary plans. |\n| U.3 | Site and design new telecommunications equipment, in consultation with neighbourhood residents, using the following standards:                                                                                                                                                                                                                                                                            |\n|     | a. Locate new equipment on existing structures (e.g. building rooftops and utility poles);                                                                                                                                                                                                                                                                                                                |\n|     | b. Design towers and ancillary equipment to fit the surroundings and to minimize visual impact on surrounding properties;                                                                                                                                                                                                                                                                                 |\n|     | c. Landscape the surroundings of towers and ancillary equipment as a visual buffer; and                                                                                                                                                                                                                                                                                                                   |\n|     | d. Minimize the physical and visual appearance of towers and equipment.                                                                                                                                                                                                                                                                                                                                   |\n| U.4 | Regularly update a 10-year Engineering Servicing Plan to identify the infrastructure works and services necessary to meet the needs of the City’s existing population and to support growth.                                                                                                                                                                                                              |\n| U.5 | Work with senior levels of government and private partners to deliver major infrastructure improvements, including transportation, communication, and utility infrastructure.                                                                                                                                                                                                                             |']","According to the ""Utility Infrastructure"" chapter, the overarching goal is to:

**Develop resilient grey and green utility infrastructure that is aligned with community growth.**

The listed objectives collectively support the achievement of this goal by addressing various critical aspects of utility management, ensuring they are robust, sustainable, and capable of meeting the demands of a growing community.

Here's how the objectives support the goal:

1.  **Ensuring Alignment with Community Growth:**
    *   **Objective:** ""Ensure utilities keep pace with growth.""
    *   **Support:** This directly addresses the ""aligned with community growth"" part of the goal. It ensures that as the community expands, the utility infrastructure (both grey and green) is adequately developed and scaled to serve the increased population and development, preventing shortages or strain on services.

2.  **Developing Resilient and Sustainable Grey Infrastructure:**
    *   **Objective:** ""Maintain healthy and sustainable water and sanitary infrastructure.""
    *   **Support:** This focuses on key ""grey utility infrastructure"" (water and wastewater systems). By maintaining them as ""healthy and sustainable,"" it contributes to their resilience against failures and ensures long-term viability, which is crucial for a growing community.
    *   **Objective:** ""Develop resilient and integrated stormwater infrastructure.""
    *   **Support:** This specifically targets another critical ""grey and potentially green utility infrastructure"" component. Emphasizing ""resilient and integrated"" design ensures that stormwater systems can withstand extreme weather events and manage runoff effectively, protecting the community and other infrastructure.

3.  **Promoting Sustainability and Resource Efficiency (Grey & Green):**
    *   **Objective:** ""Reduce solid waste and promote its diversion.""
    *   **Support:** While not directly about pipes or wires, waste management is a vital utility service. Reducing waste and promoting diversion (e.g., recycling, composting) contributes to overall community sustainability, reduces the burden on landfills, and can even lead to resource recovery, making the utility system more ""sustainable"" and ""resilient"" by minimizing environmental impact.
    *   **Objective:** ""Increase energy independence, resilience, and sustainability.""
    *   **Support:** Energy is a fundamental utility. By increasing its ""independence, resilience, and sustainability,"" the chapter aims to secure a reliable energy supply for the community, making the entire utility network more robust against disruptions and environmentally friendly. This supports the ""resilient grey and green utility infrastructure"" aspect by ensuring a stable power source for all other utilities and promoting sustainable energy practices.

In summary, the objectives work in concert to build a utility system that is not only physically strong and adaptable (""resilient"") but also environmentally responsible (""sustainable"") and capable of evolving with the community's needs (""aligned with community growth""), encompassing water, waste, energy, and stormwater management.",10.112,1,1.0,0.8877522298203826,1.0
